#
# There is insufficient memory for the Java Runtime Environment to continue.
# Native memory allocation (mmap) failed to map 373293056 bytes. Error detail: G1 virtual space
# Possible reasons:
#   The system is out of physical RAM or swap space
#   This process is running with CompressedOops enabled, and the Java Heap may be blocking the growth of the native heap
# Possible solutions:
#   Reduce memory load on the system
#   Increase physical memory or swap space
#   Check if swap backing store is full
#   Decrease Java heap size (-Xmx/-Xms)
#   Decrease number of Java threads
#   Decrease Java thread stack sizes (-Xss)
#   Set larger code cache with -XX:ReservedCodeCacheSize=
#   JVM is running with Unscaled Compressed Oops mode in which the Java heap is
#     placed in the first 4GB address space. The Java Heap base address is the
#     maximum limit for the native heap growth. Please use -XX:HeapBaseMinAddress
#     to set the Java Heap base and to place the Java Heap above 4GB virtual address.
# This output file may be truncated or incomplete.
#
#  Out of Memory Error (os_windows.cpp:3925), pid=20372, tid=6936
#
# JRE version: OpenJDK Runtime Environment (21.0.9) (build 21.0.9+-14787801-b1163.94)
# Java VM: OpenJDK 64-Bit Server VM (21.0.9+-14787801-b1163.94, mixed mode, tiered, compressed oops, compressed class ptrs, g1 gc, windows-amd64)
# No core dump will be written. Minidumps are not enabled by default on client versions of Windows
#

---------------  S U M M A R Y ------------

Command Line: --add-opens=java.base/java.lang=ALL-UNNAMED --add-opens=java.base/java.lang.invoke=ALL-UNNAMED --add-opens=java.base/java.util=ALL-UNNAMED --add-opens=java.prefs/java.util.prefs=ALL-UNNAMED --add-exports=jdk.compiler/com.sun.tools.javac.api=ALL-UNNAMED --add-exports=jdk.compiler/com.sun.tools.javac.util=ALL-UNNAMED --add-opens=java.base/java.util=ALL-UNNAMED --add-opens=java.prefs/java.util.prefs=ALL-UNNAMED --add-opens=java.base/java.nio.charset=ALL-UNNAMED --add-opens=java.base/java.net=ALL-UNNAMED --add-opens=java.base/java.util.concurrent=ALL-UNNAMED --add-opens=java.base/java.util.concurrent.atomic=ALL-UNNAMED --add-opens=java.xml/javax.xml.namespace=ALL-UNNAMED --add-opens=java.base/java.time=ALL-UNNAMED -Xmx2048m -Dfile.encoding=UTF-8 -Duser.country=US -Duser.language=en -Duser.variant -javaagent:D:\.gradle\wrapper\dists\gradle-9.3.1-bin\23ovyewtku6u96viwx3xl3oks\gradle-9.3.1\lib\agents\gradle-instrumentation-agent-9.3.1.jar org.gradle.launcher.daemon.bootstrap.GradleDaemon 9.3.1

Host: AMD Ryzen 5 5500U with Radeon Graphics         , 12 cores, 7G,  Windows 11 , 64 bit Build 26100 (10.0.26100.8521)
Time: Sun Jun 14 23:18:52 2026 SE Asia Standard Time elapsed time: 5750.497458 seconds (0d 1h 35m 50s)

---------------  T H R E A D  ---------------

Current thread (0x0000016ad8a17c90):  VMThread "VM Thread"          [id=6936, stack(0x0000006a4a300000,0x0000006a4a400000) (1024K)]

Stack: [0x0000006a4a300000,0x0000006a4a400000]
Native frames: (J=compiled Java code, j=interpreted, Vv=VM code, C=native code)
V  [jvm.dll+0x6d6c99]
V  [jvm.dll+0x866b83]
V  [jvm.dll+0x8691ae]
V  [jvm.dll+0x869893]
V  [jvm.dll+0x280776]
V  [jvm.dll+0x6d3555]
V  [jvm.dll+0x6c6bea]
V  [jvm.dll+0x3587fb]
V  [jvm.dll+0x360476]
V  [jvm.dll+0x3b2646]
V  [jvm.dll+0x3b2918]
V  [jvm.dll+0x32af0c]
V  [jvm.dll+0x32af97]
V  [jvm.dll+0x370e7c]
V  [jvm.dll+0x36f62e]
V  [jvm.dll+0x32a661]
V  [jvm.dll+0x36ed30]
V  [jvm.dll+0x86f618]
V  [jvm.dll+0x870994]
V  [jvm.dll+0x870ed0]
V  [jvm.dll+0x871163]
V  [jvm.dll+0x80f118]
V  [jvm.dll+0x6d54ed]
C  [ucrtbase.dll+0x2cd30]
C  [KERNEL32.DLL+0x2e957]
C  [ntdll.dll+0x87c1c]

VM_Operation (0x0000006a529fccb0): G1CollectForAllocation, mode: safepoint, requested by thread 0x0000016ae4729400


---------------  P R O C E S S  ---------------

Threads class SMR info:
_java_thread_list=0x0000016ae505d5b0, length=159, elements={
0x0000016ac0ecd850, 0x0000016ad8bd9cc0, 0x0000016ad8bdcd30, 0x0000016ad8bdd790,
0x0000016ad8c0a610, 0x0000016ad8c0ac80, 0x0000016ad8c0b6e0, 0x0000016ad8c14150,
0x0000016ad8c15ef0, 0x0000016ad8c19e90, 0x0000016ad8f08880, 0x0000016adfc96480,
0x0000016adfc950d0, 0x0000016adfc95760, 0x0000016adf7f0490, 0x0000016adf7f2bf0,
0x0000016adf7f3910, 0x0000016adf7f2560, 0x0000016adf7f1840, 0x0000016adf7f5350,
0x0000016adf7f6d90, 0x0000016adf7f7420, 0x0000016adf7f7ab0, 0x0000016ae086eac0,
0x0000016ae0870b90, 0x0000016ae051dff0, 0x0000016ae051ed10, 0x0000016ae051b890,
0x0000016ade724490, 0x0000016ade728cc0, 0x0000016aea50d030, 0x0000016aea508e90,
0x0000016ae1c7d190, 0x0000016ad8f404e0, 0x0000016ae366c000, 0x0000016add564010,
0x0000016ae34caa70, 0x0000016ae4ee9d80, 0x0000016aea051fb0, 0x0000016aea500b50,
0x0000016aec95a6c0, 0x0000016aea502590, 0x0000016ae4c11fc0, 0x0000016ae4c14db0,
0x0000016ae4c12ce0, 0x0000016aea5011e0, 0x0000016aea4ff110, 0x0000016aea501870,
0x0000016aea4ff7a0, 0x0000016aea501f00, 0x0000016aea5032b0, 0x0000016aea502c20,
0x0000016aea4ffe30, 0x0000016aea503940, 0x0000016aea5004c0, 0x0000016aea503fd0,
0x0000016aea506730, 0x0000016aea504660, 0x0000016aea506dc0, 0x0000016ae1c7d820,
0x0000016ae1c7deb0, 0x0000016ae1c7b750, 0x0000016ae1c7e540, 0x0000016aeaf9b600,
0x0000016aeaf9bc90, 0x0000016aeaf9c320, 0x0000016aeaf9d6d0, 0x0000016aeaf9d040,
0x0000016aeaf9c9b0, 0x0000016aeaf9af70, 0x0000016aeaf9dd60, 0x0000016aeaf9e3f0,
0x0000016aecb1ac90, 0x0000016aecb1b320, 0x0000016aecb1a600, 0x0000016aec95a030,
0x0000016aec95b3e0, 0x0000016aec95ba70, 0x0000016aec9585f0, 0x0000016aec958c80,
0x0000016aec9599a0, 0x0000016aec959310, 0x0000016ae1c7bde0, 0x0000016ae1c7c470,
0x0000016ae1c7cb00, 0x0000016aea04f1c0, 0x0000016aea04f850, 0x0000016aec181e60,
0x0000016aec182b80, 0x0000016aec183210, 0x0000016aec1817d0, 0x0000016aec17fd90,
0x0000016aec180420, 0x0000016ae4ee9060, 0x0000016ae4eeb130, 0x0000016ae4eebe50,
0x0000016ae4eec4e0, 0x0000016ae4eea410, 0x0000016ae4eeb7c0, 0x0000016ae4ee96f0,
0x0000016add20ad60, 0x0000016add20ba80, 0x0000016aecb1c040, 0x0000016ae472a120,
0x0000016ae4728d70, 0x0000016ae4729a90, 0x0000016ae500b140, 0x0000016ae500aab0,
0x0000016ae500be60, 0x0000016ae5009070, 0x0000016ae50089e0, 0x0000016ae5009700,
0x0000016ae5009d90, 0x0000016aecb1b9b0, 0x0000016ae34cd860, 0x0000016ae34cbe20,
0x0000016ae34cb790, 0x0000016ae34ccb40, 0x0000016ae34ca3e0, 0x0000016ae34cb100,
0x0000016aea052640, 0x0000016aea050c00, 0x0000016aea051290, 0x0000016aea04fee0,
0x0000016aec433f70, 0x0000016ae4729400, 0x0000016add45be10, 0x0000016add45c4a0,
0x0000016ae5351920, 0x0000016ae5351290, 0x0000016ae534fee0, 0x0000016ae534f1c0,
0x0000016ae5351fb0, 0x0000016ae534eb30, 0x0000016ae534f850, 0x0000016ae5350570,
0x0000016ae5350c00, 0x0000016aea050570, 0x0000016ae1b73150, 0x0000016ae1b74500,
0x0000016ae1b72ac0, 0x0000016ae1b72430, 0x0000016ae1b73e70, 0x0000016ae1b74b90,
0x0000016ae1b737e0, 0x0000016ae1b75220, 0x0000016ae356bac0, 0x0000016ae356a080,
0x0000016ae472a7b0, 0x0000016ae472ae40, 0x0000016ae472b4d0, 0x0000016ad8f41890,
0x0000016add209320, 0x0000016add2099b0, 0x0000016add20a040, 0x0000016ae4c13370,
0x0000016ae4c12650, 0x0000016ae4c13a00, 0x0000016ade5728e0
}
_to_delete_list=0x0000016ae121ab80, length=157, elements={
0x0000016ac0ecd850, 0x0000016ad8bd9cc0, 0x0000016ad8bdcd30, 0x0000016ad8bdd790,
0x0000016ad8c0a610, 0x0000016ad8c0ac80, 0x0000016ad8c0b6e0, 0x0000016ad8c14150,
0x0000016ad8c15ef0, 0x0000016ad8c19e90, 0x0000016ad8f08880, 0x0000016adfc96480,
0x0000016adfc950d0, 0x0000016adfc95760, 0x0000016adf7f0490, 0x0000016adf7f2bf0,
0x0000016adf7f3910, 0x0000016adf7f2560, 0x0000016adf7f1840, 0x0000016adf7f5350,
0x0000016adf7f6d90, 0x0000016adf7f7420, 0x0000016adf7f7ab0, 0x0000016ae086eac0,
0x0000016ae0870b90, 0x0000016ae051dff0, 0x0000016ae051ed10, 0x0000016ae051b890,
0x0000016ade724490, 0x0000016ade728cc0, 0x0000016aea50d030, 0x0000016aea508e90,
0x0000016ae1c7d190, 0x0000016ad8f404e0, 0x0000016ae366c000, 0x0000016add564010,
0x0000016ae34caa70, 0x0000016ae4ee9d80, 0x0000016aea051fb0, 0x0000016aea500b50,
0x0000016aec95a6c0, 0x0000016aea502590, 0x0000016ae4c11fc0, 0x0000016ae4c14db0,
0x0000016ae4c12ce0, 0x0000016aea5011e0, 0x0000016aea4ff110, 0x0000016aea501870,
0x0000016aea4ff7a0, 0x0000016aea501f00, 0x0000016aea5032b0, 0x0000016aea502c20,
0x0000016aea4ffe30, 0x0000016aea503940, 0x0000016aea5004c0, 0x0000016aea503fd0,
0x0000016aea506730, 0x0000016aea504660, 0x0000016aea506dc0, 0x0000016ae1c7d820,
0x0000016ae1c7deb0, 0x0000016ae1c7b750, 0x0000016ae1c7e540, 0x0000016aeaf9b600,
0x0000016aeaf9bc90, 0x0000016aeaf9c320, 0x0000016aeaf9d6d0, 0x0000016aeaf9d040,
0x0000016aeaf9c9b0, 0x0000016aeaf9af70, 0x0000016aeaf9dd60, 0x0000016aeaf9e3f0,
0x0000016aecb1ac90, 0x0000016aecb1b320, 0x0000016aecb1a600, 0x0000016aec95a030,
0x0000016aec95b3e0, 0x0000016aec95ba70, 0x0000016aec9585f0, 0x0000016aec958c80,
0x0000016aec9599a0, 0x0000016aec959310, 0x0000016ae1c7bde0, 0x0000016ae1c7c470,
0x0000016ae1c7cb00, 0x0000016aea04f1c0, 0x0000016aea04f850, 0x0000016aec181e60,
0x0000016aec182b80, 0x0000016aec183210, 0x0000016aec1817d0, 0x0000016aec17fd90,
0x0000016aec180420, 0x0000016ae4ee9060, 0x0000016ae4eeb130, 0x0000016ae4eebe50,
0x0000016ae4eec4e0, 0x0000016ae4eea410, 0x0000016ae4eeb7c0, 0x0000016ae4ee96f0,
0x0000016add20ad60, 0x0000016add20ba80, 0x0000016aecb1c040, 0x0000016ae472a120,
0x0000016ae4728d70, 0x0000016ae4729a90, 0x0000016ae500b140, 0x0000016ae500aab0,
0x0000016ae500be60, 0x0000016ae5009070, 0x0000016ae50089e0, 0x0000016ae5009700,
0x0000016ae5009d90, 0x0000016aecb1b9b0, 0x0000016ae34cd860, 0x0000016ae34cbe20,
0x0000016ae34cb790, 0x0000016ae34ccb40, 0x0000016ae34ca3e0, 0x0000016ae34cb100,
0x0000016aea052640, 0x0000016aea050c00, 0x0000016aea051290, 0x0000016aea04fee0,
0x0000016aec433f70, 0x0000016ae4729400, 0x0000016add45be10, 0x0000016add45c4a0,
0x0000016ae5351920, 0x0000016ae5351290, 0x0000016ae534fee0, 0x0000016ae534f1c0,
0x0000016ae5351fb0, 0x0000016ae534eb30, 0x0000016ae534f850, 0x0000016ae5350570,
0x0000016ae5350c00, 0x0000016aea050570, 0x0000016ae1b73150, 0x0000016ae1b74500,
0x0000016ae1b72ac0, 0x0000016ae1b72430, 0x0000016ae1b73e70, 0x0000016ae1b74b90,
0x0000016ae1b737e0, 0x0000016ae1b75220, 0x0000016ae356bac0, 0x0000016ae356a080,
0x0000016ae472a7b0, 0x0000016ae472ae40, 0x0000016ae472b4d0, 0x0000016ad8f41890,
0x0000016add209320, 0x0000016add2099b0, 0x0000016add20a040, 0x0000016ae4c13370,
0x0000016ae4c12650
}
next-> 0x0000016ae121ac40, length=156, elements={0x0000016ac0ecd850, 0x0000016ad8bd9cc0, 0x0000016ad8bdcd30, 0x0000016ad8bdd790,
0x0000016ad8c0a610, 0x0000016ad8c0ac80, 0x0000016ad8c0b6e0, 0x0000016ad8c14150,
0x0000016ad8c15ef0, 0x0000016ad8c19e90, 0x0000016ad8f08880, 0x0000016adfc96480,
0x0000016adfc950d0, 0x0000016adfc95760, 0x0000016adf7f0490, 0x0000016adf7f2bf0,
0x0000016adf7f3910, 0x0000016adf7f2560, 0x0000016adf7f1840, 0x0000016adf7f5350,
0x0000016adf7f6d90, 0x0000016adf7f7420, 0x0000016adf7f7ab0, 0x0000016ae086eac0,
0x0000016ae0870b90, 0x0000016ae051dff0, 0x0000016ae051ed10, 0x0000016ae051b890,
0x0000016ade724490, 0x0000016ade728cc0, 0x0000016aea50d030, 0x0000016aea508e90,
0x0000016ae1c7d190, 0x0000016ad8f404e0, 0x0000016ae366c000, 0x0000016add564010,
0x0000016ae34caa70, 0x0000016ae4ee9d80, 0x0000016aea051fb0, 0x0000016aea500b50,
0x0000016aec95a6c0, 0x0000016aea502590, 0x0000016ae4c11fc0, 0x0000016ae4c14db0,
0x0000016ae4c12ce0, 0x0000016aea5011e0, 0x0000016aea4ff110, 0x0000016aea501870,
0x0000016aea4ff7a0, 0x0000016aea501f00, 0x0000016aea5032b0, 0x0000016aea502c20,
0x0000016aea4ffe30, 0x0000016aea503940, 0x0000016aea5004c0, 0x0000016aea503fd0,
0x0000016aea506730, 0x0000016aea504660, 0x0000016aea506dc0, 0x0000016ae1c7d820,
0x0000016ae1c7deb0, 0x0000016ae1c7b750, 0x0000016ae1c7e540, 0x0000016aeaf9b600,
0x0000016aeaf9bc90, 0x0000016aeaf9c320, 0x0000016aeaf9d6d0, 0x0000016aeaf9d040,
0x0000016aeaf9c9b0, 0x0000016aeaf9af70, 0x0000016aeaf9dd60, 0x0000016aeaf9e3f0,
0x0000016aecb1ac90, 0x0000016aecb1b320, 0x0000016aecb1a600, 0x0000016aec95a030,
0x0000016aec95b3e0, 0x0000016aec95ba70, 0x0000016aec9585f0, 0x0000016aec958c80,
0x0000016aec9599a0, 0x0000016aec959310, 0x0000016ae1c7bde0, 0x0000016ae1c7c470,
0x0000016ae1c7cb00, 0x0000016aea04f1c0, 0x0000016aea04f850, 0x0000016aec181e60,
0x0000016aec182b80, 0x0000016aec183210, 0x0000016aec1817d0, 0x0000016aec17fd90,
0x0000016aec180420, 0x0000016ae4ee9060, 0x0000016ae4eeb130, 0x0000016ae4eebe50,
0x0000016ae4eec4e0, 0x0000016ae4eea410, 0x0000016ae4eeb7c0, 0x0000016ae4ee96f0,
0x0000016add20ad60, 0x0000016add20ba80, 0x0000016aecb1c040, 0x0000016ae472a120,
0x0000016ae4728d70, 0x0000016ae4729a90, 0x0000016ae500b140, 0x0000016ae500aab0,
0x0000016ae500be60, 0x0000016ae5009070, 0x0000016ae50089e0, 0x0000016ae5009700,
0x0000016ae5009d90, 0x0000016aecb1b9b0, 0x0000016ae34cd860, 0x0000016ae34cbe20,
0x0000016ae34cb790, 0x0000016ae34ccb40, 0x0000016ae34ca3e0, 0x0000016ae34cb100,
0x0000016aea052640, 0x0000016aea050c00, 0x0000016aea051290, 0x0000016aea04fee0,
0x0000016aec433f70, 0x0000016ae4729400, 0x0000016add45be10, 0x0000016add45c4a0,
0x0000016ae5351920, 0x0000016ae5351290, 0x0000016ae534fee0, 0x0000016ae534f1c0,
0x0000016ae5351fb0, 0x0000016ae534eb30, 0x0000016ae534f850, 0x0000016ae5350570,
0x0000016ae5350c00, 0x0000016aea050570, 0x0000016ae1b73150, 0x0000016ae1b74500,
0x0000016ae1b72ac0, 0x0000016ae1b72430, 0x0000016ae1b73e70, 0x0000016ae1b74b90,
0x0000016ae1b737e0, 0x0000016ae1b75220, 0x0000016ae356bac0, 0x0000016ae356a080,
0x0000016ae472a7b0, 0x0000016ae472ae40, 0x0000016ae472b4d0, 0x0000016ad8f41890,
0x0000016add209320, 0x0000016add2099b0, 0x0000016add20a040, 0x0000016ae4c13370
}
next-> 0x0000016ae51c56a0, length=155, elements={0x0000016ac0ecd850, 0x0000016ad8bd9cc0, 0x0000016ad8bdcd30, 0x0000016ad8bdd790,
0x0000016ad8c0a610, 0x0000016ad8c0ac80, 0x0000016ad8c0b6e0, 0x0000016ad8c14150,
0x0000016ad8c15ef0, 0x0000016ad8c19e90, 0x0000016ad8f08880, 0x0000016adfc96480,
0x0000016adfc950d0, 0x0000016adfc95760, 0x0000016adf7f0490, 0x0000016adf7f2bf0,
0x0000016adf7f3910, 0x0000016adf7f2560, 0x0000016adf7f1840, 0x0000016adf7f5350,
0x0000016adf7f6d90, 0x0000016adf7f7420, 0x0000016adf7f7ab0, 0x0000016ae086eac0,
0x0000016ae0870b90, 0x0000016ae051dff0, 0x0000016ae051ed10, 0x0000016ae051b890,
0x0000016ade724490, 0x0000016ade728cc0, 0x0000016aea50d030, 0x0000016aea508e90,
0x0000016ae1c7d190, 0x0000016ad8f404e0, 0x0000016ae366c000, 0x0000016add564010,
0x0000016ae34caa70, 0x0000016ae4ee9d80, 0x0000016aea051fb0, 0x0000016aea500b50,
0x0000016aec95a6c0, 0x0000016aea502590, 0x0000016ae4c11fc0, 0x0000016ae4c14db0,
0x0000016ae4c12ce0, 0x0000016aea5011e0, 0x0000016aea4ff110, 0x0000016aea501870,
0x0000016aea4ff7a0, 0x0000016aea501f00, 0x0000016aea5032b0, 0x0000016aea502c20,
0x0000016aea4ffe30, 0x0000016aea503940, 0x0000016aea5004c0, 0x0000016aea503fd0,
0x0000016aea506730, 0x0000016aea504660, 0x0000016aea506dc0, 0x0000016ae1c7d820,
0x0000016ae1c7deb0, 0x0000016ae1c7b750, 0x0000016ae1c7e540, 0x0000016aeaf9b600,
0x0000016aeaf9bc90, 0x0000016aeaf9c320, 0x0000016aeaf9d6d0, 0x0000016aeaf9d040,
0x0000016aeaf9c9b0, 0x0000016aeaf9af70, 0x0000016aeaf9dd60, 0x0000016aeaf9e3f0,
0x0000016aecb1ac90, 0x0000016aecb1b320, 0x0000016aecb1a600, 0x0000016aec95a030,
0x0000016aec95b3e0, 0x0000016aec95ba70, 0x0000016aec9585f0, 0x0000016aec958c80,
0x0000016aec9599a0, 0x0000016aec959310, 0x0000016ae1c7bde0, 0x0000016ae1c7c470,
0x0000016ae1c7cb00, 0x0000016aea04f1c0, 0x0000016aea04f850, 0x0000016aec181e60,
0x0000016aec182b80, 0x0000016aec183210, 0x0000016aec1817d0, 0x0000016aec17fd90,
0x0000016aec180420, 0x0000016ae4ee9060, 0x0000016ae4eeb130, 0x0000016ae4eebe50,
0x0000016ae4eec4e0, 0x0000016ae4eea410, 0x0000016ae4eeb7c0, 0x0000016ae4ee96f0,
0x0000016add20ad60, 0x0000016add20ba80, 0x0000016aecb1c040, 0x0000016ae472a120,
0x0000016ae4728d70, 0x0000016ae4729a90, 0x0000016ae500b140, 0x0000016ae500aab0,
0x0000016ae500be60, 0x0000016ae5009070, 0x0000016ae50089e0, 0x0000016ae5009700,
0x0000016ae5009d90, 0x0000016aecb1b9b0, 0x0000016ae34cd860, 0x0000016ae34cbe20,
0x0000016ae34cb790, 0x0000016ae34ccb40, 0x0000016ae34ca3e0, 0x0000016ae34cb100,
0x0000016aea052640, 0x0000016aea050c00, 0x0000016aea051290, 0x0000016aea04fee0,
0x0000016aec433f70, 0x0000016ae4729400, 0x0000016add45be10, 0x0000016add45c4a0,
0x0000016ae5351920, 0x0000016ae5351290, 0x0000016ae534fee0, 0x0000016ae534f1c0,
0x0000016ae5351fb0, 0x0000016ae534eb30, 0x0000016ae534f850, 0x0000016ae5350570,
0x0000016ae5350c00, 0x0000016aea050570, 0x0000016ae1b73150, 0x0000016ae1b74500,
0x0000016ae1b72ac0, 0x0000016ae1b72430, 0x0000016ae1b73e70, 0x0000016ae1b74b90,
0x0000016ae1b737e0, 0x0000016ae1b75220, 0x0000016ae356bac0, 0x0000016ae356a080,
0x0000016ae472a7b0, 0x0000016ae472ae40, 0x0000016ae472b4d0, 0x0000016ad8f41890,
0x0000016add209320, 0x0000016add2099b0, 0x0000016add20a040
}

Java Threads: ( => current thread )
  0x0000016ac0ecd850 JavaThread "main"                              [_thread_blocked, id=7684, stack(0x0000006a49c00000,0x0000006a49d00000) (1024K)]
  0x0000016ad8bd9cc0 JavaThread "Common-Cleaner"             daemon [_thread_blocked, id=20416, stack(0x0000006a4a400000,0x0000006a4a500000) (1024K)]
  0x0000016ad8bdcd30 JavaThread "Reference Handler"          daemon [_thread_blocked, id=2968, stack(0x0000006a4a500000,0x0000006a4a600000) (1024K)]
  0x0000016ad8bdd790 JavaThread "Finalizer"                  daemon [_thread_blocked, id=3972, stack(0x0000006a4a600000,0x0000006a4a700000) (1024K)]
  0x0000016ad8c0a610 JavaThread "Signal Dispatcher"          daemon [_thread_blocked, id=17088, stack(0x0000006a4a700000,0x0000006a4a800000) (1024K)]
  0x0000016ad8c0ac80 JavaThread "Attach Listener"            daemon [_thread_blocked, id=10828, stack(0x0000006a4a800000,0x0000006a4a900000) (1024K)]
  0x0000016ad8c0b6e0 JavaThread "Service Thread"             daemon [_thread_blocked, id=6348, stack(0x0000006a4a900000,0x0000006a4aa00000) (1024K)]
  0x0000016ad8c14150 JavaThread "Monitor Deflation Thread"   daemon [_thread_blocked, id=8304, stack(0x0000006a4aa00000,0x0000006a4ab00000) (1024K)]
  0x0000016ad8c15ef0 JavaThread "C2 CompilerThread0"         daemon [_thread_in_native, id=11812, stack(0x0000006a4ab00000,0x0000006a4ac00000) (1024K)]
  0x0000016ad8c19e90 JavaThread "C1 CompilerThread0"         daemon [_thread_blocked, id=19800, stack(0x0000006a4ac00000,0x0000006a4ad00000) (1024K)]
  0x0000016ad8f08880 JavaThread "Notification Thread"        daemon [_thread_blocked, id=19628, stack(0x0000006a4ad00000,0x0000006a4ae00000) (1024K)]
  0x0000016adfc96480 JavaThread "Daemon health stats"               [_thread_blocked, id=4964, stack(0x0000006a4b300000,0x0000006a4b400000) (1024K)]
  0x0000016adfc950d0 JavaThread "Incoming local TCP Connector on port 49054"        [_thread_in_native, id=7028, stack(0x0000006a4b900000,0x0000006a4ba00000) (1024K)]
  0x0000016adfc95760 JavaThread "Daemon periodic checks"            [_thread_blocked, id=1584, stack(0x0000006a4ba00000,0x0000006a4bb00000) (1024K)]
  0x0000016adf7f0490 JavaThread "Cache worker for journal cache (D:\.gradle\caches\journal-1)"        [_thread_blocked, id=18644, stack(0x0000006a4c400000,0x0000006a4c500000) (1024K)]
  0x0000016adf7f2bf0 JavaThread "File lock request listener"        [_thread_in_native, id=5368, stack(0x0000006a4c500000,0x0000006a4c600000) (1024K)]
  0x0000016adf7f3910 JavaThread "Cache worker for file hash cache (D:\.gradle\caches\9.3.1\fileHashes)"        [_thread_blocked, id=6996, stack(0x0000006a4c600000,0x0000006a4c700000) (1024K)]
  0x0000016adf7f2560 JavaThread "File watcher server"        daemon [_thread_blocked, id=18144, stack(0x0000006a4c900000,0x0000006a4ca00000) (1024K)]
  0x0000016adf7f1840 JavaThread "File watcher consumer"      daemon [_thread_blocked, id=3836, stack(0x0000006a4ca00000,0x0000006a4cb00000) (1024K)]
  0x0000016adf7f5350 JavaThread "Cache worker for file content cache (D:\.gradle\caches\9.3.1\fileContent)"        [_thread_blocked, id=3768, stack(0x0000006a4cc00000,0x0000006a4cd00000) (1024K)]
  0x0000016adf7f6d90 JavaThread "jar transforms"                    [_thread_blocked, id=8736, stack(0x0000006a4cf00000,0x0000006a4d000000) (1024K)]
  0x0000016adf7f7420 JavaThread "jar transforms Thread 2"           [_thread_blocked, id=19988, stack(0x0000006a4d000000,0x0000006a4d100000) (1024K)]
  0x0000016adf7f7ab0 JavaThread "jar transforms Thread 3"           [_thread_blocked, id=17720, stack(0x0000006a4d100000,0x0000006a4d200000) (1024K)]
  0x0000016ae086eac0 JavaThread "jar transforms Thread 4"           [_thread_blocked, id=3368, stack(0x0000006a4e700000,0x0000006a4e800000) (1024K)]
  0x0000016ae0870b90 JavaThread "jar transforms Thread 5"           [_thread_blocked, id=17072, stack(0x0000006a4e800000,0x0000006a4e900000) (1024K)]
  0x0000016ae051dff0 JavaThread "jar transforms Thread 6"           [_thread_blocked, id=18016, stack(0x0000006a4f300000,0x0000006a4f400000) (1024K)]
  0x0000016ae051ed10 JavaThread "jar transforms Thread 7"           [_thread_blocked, id=10088, stack(0x0000006a4f400000,0x0000006a4f500000) (1024K)]
  0x0000016ae051b890 JavaThread "jar transforms Thread 8"           [_thread_blocked, id=6480, stack(0x0000006a4f500000,0x0000006a4f600000) (1024K)]
  0x0000016ade724490 JavaThread "Memory manager"                    [_thread_blocked, id=1296, stack(0x0000006a51b00000,0x0000006a51c00000) (1024K)]
  0x0000016ade728cc0 JavaThread "pool-3-thread-1"                   [_thread_blocked, id=20148, stack(0x0000006a51a00000,0x0000006a51b00000) (1024K)]
  0x0000016aea50d030 JavaThread "pool-6-thread-1"                   [_thread_blocked, id=19104, stack(0x0000006a50000000,0x0000006a50100000) (1024K)]
  0x0000016aea508e90 JavaThread "pool-9-thread-1"                   [_thread_blocked, id=4760, stack(0x0000006a50400000,0x0000006a50500000) (1024K)]
  0x0000016ae1c7d190 JavaThread "pool-12-thread-1"                  [_thread_blocked, id=15024, stack(0x0000006a50300000,0x0000006a50400000) (1024K)]
  0x0000016ad8f404e0 JavaThread "pool-17-thread-1"                  [_thread_blocked, id=19116, stack(0x0000006a4d800000,0x0000006a4d900000) (1024K)]
  0x0000016ae366c000 JavaThread "Cache worker for Java compile cache (D:\.gradle\caches\9.3.1\javaCompile)"        [_thread_blocked, id=9816, stack(0x0000006a52000000,0x0000006a52100000) (1024K)]
  0x0000016add564010 JavaThread "pool-21-thread-1"                  [_thread_blocked, id=8964, stack(0x0000006a50700000,0x0000006a50800000) (1024K)]
  0x0000016ae34caa70 JavaThread "pool-25-thread-1"                  [_thread_blocked, id=13172, stack(0x0000006a50600000,0x0000006a50700000) (1024K)]
  0x0000016ae4ee9d80 JavaThread "pool-29-thread-1"                  [_thread_blocked, id=5572, stack(0x0000006a4f200000,0x0000006a4f300000) (1024K)]
  0x0000016aea051fb0 JavaThread "pool-33-thread-1"                  [_thread_blocked, id=10612, stack(0x0000006a50800000,0x0000006a50900000) (1024K)]
  0x0000016aea500b50 JavaThread "pool-36-thread-1"                  [_thread_blocked, id=8956, stack(0x0000006a50a00000,0x0000006a50b00000) (1024K)]
  0x0000016aec95a6c0 JavaThread "pool-39-thread-1"                  [_thread_blocked, id=9256, stack(0x0000006a50900000,0x0000006a50a00000) (1024K)]
  0x0000016aea502590 JavaThread "Daemon Thread 11"                  [_thread_blocked, id=7532, stack(0x0000006a49900000,0x0000006a49a00000) (1024K)]
  0x0000016ae4c11fc0 JavaThread "Handler for socket connection from /127.0.0.1:49054 to /127.0.0.1:54643"        [_thread_in_native, id=6076, stack(0x0000006a49a00000,0x0000006a49b00000) (1024K)]
  0x0000016ae4c14db0 JavaThread "Cancel handler"                    [_thread_blocked, id=5812, stack(0x0000006a49b00000,0x0000006a49c00000) (1024K)]
  0x0000016ae4c12ce0 JavaThread "Daemon worker Thread 11"           [_thread_blocked, id=11112, stack(0x0000006a4ae00000,0x0000006a4af00000) (1024K)]
  0x0000016aea5011e0 JavaThread "Asynchronous log dispatcher for DefaultDaemonConnection: socket connection from /127.0.0.1:49054 to /127.0.0.1:54643"        [_thread_blocked, id=8932, stack(0x0000006a4bb00000,0x0000006a4bc00000) (1024K)]
  0x0000016aea4ff110 JavaThread "Stdin handler"                     [_thread_blocked, id=15072, stack(0x0000006a4bc00000,0x0000006a4bd00000) (1024K)]
  0x0000016aea501870 JavaThread "Daemon client event forwarder"        [_thread_blocked, id=15792, stack(0x0000006a4bd00000,0x0000006a4be00000) (1024K)]
  0x0000016aea4ff7a0 JavaThread "Cache worker for file hash cache (D:\Nhom33_DiDong\.gradle\9.3.1\fileHashes)"        [_thread_blocked, id=11080, stack(0x0000006a4be00000,0x0000006a4bf00000) (1024K)]
  0x0000016aea501f00 JavaThread "Cache worker for Build Output Cleanup Cache (D:\Nhom33_DiDong\.gradle\buildOutputCleanup)"        [_thread_blocked, id=13420, stack(0x0000006a4bf00000,0x0000006a4c000000) (1024K)]
  0x0000016aea5032b0 JavaThread "Cache worker for checksums cache (D:\Nhom33_DiDong\.gradle\9.3.1\checksums)"        [_thread_blocked, id=9956, stack(0x0000006a4c200000,0x0000006a4c300000) (1024K)]
  0x0000016aea502c20 JavaThread "Cache worker for cache directory md-supplier (D:\.gradle\caches\9.3.1\md-supplier)"        [_thread_blocked, id=7788, stack(0x0000006a4c300000,0x0000006a4c400000) (1024K)]
  0x0000016aea4ffe30 JavaThread "Cache worker for cache directory md-rule (D:\.gradle\caches\9.3.1\md-rule)"        [_thread_blocked, id=1808, stack(0x0000006a4c700000,0x0000006a4c800000) (1024K)]
  0x0000016aea503940 JavaThread "Unconstrained build operations"        [_thread_blocked, id=11900, stack(0x0000006a4c800000,0x0000006a4c900000) (1024K)]
  0x0000016aea5004c0 JavaThread "Unconstrained build operations Thread 2"        [_thread_blocked, id=1832, stack(0x0000006a4cb00000,0x0000006a4cc00000) (1024K)]
  0x0000016aea503fd0 JavaThread "Unconstrained build operations Thread 3"        [_thread_blocked, id=19820, stack(0x0000006a4cd00000,0x0000006a4ce00000) (1024K)]
  0x0000016aea506730 JavaThread "Unconstrained build operations Thread 4"        [_thread_blocked, id=15988, stack(0x0000006a4ce00000,0x0000006a4cf00000) (1024K)]
  0x0000016aea504660 JavaThread "Unconstrained build operations Thread 5"        [_thread_blocked, id=6584, stack(0x0000006a4d200000,0x0000006a4d300000) (1024K)]
  0x0000016aea506dc0 JavaThread "Unconstrained build operations Thread 6"        [_thread_blocked, id=2684, stack(0x0000006a4d300000,0x0000006a4d400000) (1024K)]
  0x0000016ae1c7d820 JavaThread "Unconstrained build operations Thread 7"        [_thread_blocked, id=10440, stack(0x0000006a4d400000,0x0000006a4d500000) (1024K)]
  0x0000016ae1c7deb0 JavaThread "Unconstrained build operations Thread 8"        [_thread_blocked, id=19188, stack(0x0000006a4d500000,0x0000006a4d600000) (1024K)]
  0x0000016ae1c7b750 JavaThread "Unconstrained build operations Thread 9"        [_thread_blocked, id=10916, stack(0x0000006a4d600000,0x0000006a4d700000) (1024K)]
  0x0000016ae1c7e540 JavaThread "Unconstrained build operations Thread 10"        [_thread_blocked, id=11072, stack(0x0000006a4d700000,0x0000006a4d800000) (1024K)]
  0x0000016aeaf9b600 JavaThread "Unconstrained build operations Thread 11"        [_thread_blocked, id=17388, stack(0x0000006a4d900000,0x0000006a4da00000) (1024K)]
  0x0000016aeaf9bc90 JavaThread "Unconstrained build operations Thread 12"        [_thread_blocked, id=4528, stack(0x0000006a4da00000,0x0000006a4db00000) (1024K)]
  0x0000016aeaf9c320 JavaThread "Unconstrained build operations Thread 13"        [_thread_blocked, id=7728, stack(0x0000006a4db00000,0x0000006a4dc00000) (1024K)]
  0x0000016aeaf9d6d0 JavaThread "Unconstrained build operations Thread 14"        [_thread_blocked, id=16048, stack(0x0000006a4dc00000,0x0000006a4dd00000) (1024K)]
  0x0000016aeaf9d040 JavaThread "Unconstrained build operations Thread 15"        [_thread_blocked, id=7240, stack(0x0000006a4dd00000,0x0000006a4de00000) (1024K)]
  0x0000016aeaf9c9b0 JavaThread "Unconstrained build operations Thread 16"        [_thread_blocked, id=10464, stack(0x0000006a4de00000,0x0000006a4df00000) (1024K)]
  0x0000016aeaf9af70 JavaThread "Unconstrained build operations Thread 17"        [_thread_blocked, id=17676, stack(0x0000006a4df00000,0x0000006a4e000000) (1024K)]
  0x0000016aeaf9dd60 JavaThread "Unconstrained build operations Thread 18"        [_thread_blocked, id=4540, stack(0x0000006a4e000000,0x0000006a4e100000) (1024K)]
  0x0000016aeaf9e3f0 JavaThread "Unconstrained build operations Thread 19"        [_thread_blocked, id=16936, stack(0x0000006a4e100000,0x0000006a4e200000) (1024K)]
  0x0000016aecb1ac90 JavaThread "Unconstrained build operations Thread 20"        [_thread_blocked, id=18020, stack(0x0000006a4e200000,0x0000006a4e300000) (1024K)]
  0x0000016aecb1b320 JavaThread "Unconstrained build operations Thread 21"        [_thread_blocked, id=6780, stack(0x0000006a4e300000,0x0000006a4e400000) (1024K)]
  0x0000016aecb1a600 JavaThread "Unconstrained build operations Thread 22"        [_thread_blocked, id=19760, stack(0x0000006a4e400000,0x0000006a4e500000) (1024K)]
  0x0000016aec95a030 JavaThread "Unconstrained build operations Thread 23"        [_thread_blocked, id=15704, stack(0x0000006a4e500000,0x0000006a4e600000) (1024K)]
  0x0000016aec95b3e0 JavaThread "Unconstrained build operations Thread 24"        [_thread_blocked, id=20100, stack(0x0000006a4e600000,0x0000006a4e700000) (1024K)]
  0x0000016aec95ba70 JavaThread "Unconstrained build operations Thread 25"        [_thread_blocked, id=10656, stack(0x0000006a4e900000,0x0000006a4ea00000) (1024K)]
  0x0000016aec9585f0 JavaThread "Unconstrained build operations Thread 26"        [_thread_blocked, id=18240, stack(0x0000006a4ea00000,0x0000006a4eb00000) (1024K)]
  0x0000016aec958c80 JavaThread "Unconstrained build operations Thread 27"        [_thread_blocked, id=10292, stack(0x0000006a4eb00000,0x0000006a4ec00000) (1024K)]
  0x0000016aec9599a0 JavaThread "Unconstrained build operations Thread 28"        [_thread_blocked, id=9896, stack(0x0000006a4ec00000,0x0000006a4ed00000) (1024K)]
  0x0000016aec959310 JavaThread "Unconstrained build operations Thread 29"        [_thread_blocked, id=18200, stack(0x0000006a4ed00000,0x0000006a4ee00000) (1024K)]
  0x0000016ae1c7bde0 JavaThread "Unconstrained build operations Thread 30"        [_thread_blocked, id=2984, stack(0x0000006a4ee00000,0x0000006a4ef00000) (1024K)]
  0x0000016ae1c7c470 JavaThread "Unconstrained build operations Thread 31"        [_thread_blocked, id=12692, stack(0x0000006a4ef00000,0x0000006a4f000000) (1024K)]
  0x0000016ae1c7cb00 JavaThread "Unconstrained build operations Thread 32"        [_thread_blocked, id=14312, stack(0x0000006a4f000000,0x0000006a4f100000) (1024K)]
  0x0000016aea04f1c0 JavaThread "Unconstrained build operations Thread 33"        [_thread_blocked, id=4920, stack(0x0000006a4f100000,0x0000006a4f200000) (1024K)]
  0x0000016aea04f850 JavaThread "Unconstrained build operations Thread 34"        [_thread_blocked, id=12252, stack(0x0000006a4f600000,0x0000006a4f700000) (1024K)]
  0x0000016aec181e60 JavaThread "Unconstrained build operations Thread 35"        [_thread_blocked, id=6360, stack(0x0000006a4f700000,0x0000006a4f800000) (1024K)]
  0x0000016aec182b80 JavaThread "Unconstrained build operations Thread 36"        [_thread_blocked, id=9452, stack(0x0000006a4f800000,0x0000006a4f900000) (1024K)]
  0x0000016aec183210 JavaThread "Unconstrained build operations Thread 37"        [_thread_blocked, id=6256, stack(0x0000006a4f900000,0x0000006a4fa00000) (1024K)]
  0x0000016aec1817d0 JavaThread "Unconstrained build operations Thread 38"        [_thread_blocked, id=10800, stack(0x0000006a4fa00000,0x0000006a4fb00000) (1024K)]
  0x0000016aec17fd90 JavaThread "Unconstrained build operations Thread 39"        [_thread_blocked, id=11316, stack(0x0000006a4fb00000,0x0000006a4fc00000) (1024K)]
  0x0000016aec180420 JavaThread "Unconstrained build operations Thread 40"        [_thread_blocked, id=1432, stack(0x0000006a4fc00000,0x0000006a4fd00000) (1024K)]
  0x0000016ae4ee9060 JavaThread "Unconstrained build operations Thread 41"        [_thread_blocked, id=12764, stack(0x0000006a4fd00000,0x0000006a4fe00000) (1024K)]
  0x0000016ae4eeb130 JavaThread "Unconstrained build operations Thread 42"        [_thread_blocked, id=17308, stack(0x0000006a4fe00000,0x0000006a4ff00000) (1024K)]
  0x0000016ae4eebe50 JavaThread "Unconstrained build operations Thread 43"        [_thread_blocked, id=17452, stack(0x0000006a4ff00000,0x0000006a50000000) (1024K)]
  0x0000016ae4eec4e0 JavaThread "Unconstrained build operations Thread 44"        [_thread_blocked, id=17376, stack(0x0000006a50100000,0x0000006a50200000) (1024K)]
  0x0000016ae4eea410 JavaThread "build event listener"              [_thread_blocked, id=17360, stack(0x0000006a50200000,0x0000006a50300000) (1024K)]
  0x0000016ae4eeb7c0 JavaThread "build event listener"              [_thread_blocked, id=18716, stack(0x0000006a50500000,0x0000006a50600000) (1024K)]
  0x0000016ae4ee96f0 JavaThread "pool-42-thread-1"                  [_thread_blocked, id=17724, stack(0x0000006a50b00000,0x0000006a50c00000) (1024K)]
  0x0000016add20ad60 JavaThread "build event listener"              [_thread_blocked, id=15516, stack(0x0000006a50c00000,0x0000006a50d00000) (1024K)]
  0x0000016add20ba80 JavaThread "included builds"                   [_thread_blocked, id=19176, stack(0x0000006a50d00000,0x0000006a50e00000) (1024K)]
  0x0000016aecb1c040 JavaThread "Execution worker"                  [_thread_blocked, id=8900, stack(0x0000006a50e00000,0x0000006a50f00000) (1024K)]
  0x0000016ae472a120 JavaThread "Execution worker Thread 2"         [_thread_blocked, id=11164, stack(0x0000006a50f00000,0x0000006a51000000) (1024K)]
  0x0000016ae4728d70 JavaThread "Execution worker Thread 3"         [_thread_blocked, id=11408, stack(0x0000006a51000000,0x0000006a51100000) (1024K)]
  0x0000016ae4729a90 JavaThread "Execution worker Thread 4"         [_thread_blocked, id=15696, stack(0x0000006a51100000,0x0000006a51200000) (1024K)]
  0x0000016ae500b140 JavaThread "Execution worker Thread 5"         [_thread_blocked, id=17912, stack(0x0000006a51200000,0x0000006a51300000) (1024K)]
  0x0000016ae500aab0 JavaThread "Execution worker Thread 6"         [_thread_blocked, id=18680, stack(0x0000006a51300000,0x0000006a51400000) (1024K)]
  0x0000016ae500be60 JavaThread "Execution worker Thread 7"         [_thread_blocked, id=19736, stack(0x0000006a51400000,0x0000006a51500000) (1024K)]
  0x0000016ae5009070 JavaThread "Execution worker Thread 8"         [_thread_blocked, id=11256, stack(0x0000006a51500000,0x0000006a51600000) (1024K)]
  0x0000016ae50089e0 JavaThread "Execution worker Thread 9"         [_thread_blocked, id=20464, stack(0x0000006a51600000,0x0000006a51700000) (1024K)]
  0x0000016ae5009700 JavaThread "Execution worker Thread 10"        [_thread_blocked, id=19924, stack(0x0000006a51700000,0x0000006a51800000) (1024K)]
  0x0000016ae5009d90 JavaThread "Execution worker Thread 11"        [_thread_blocked, id=18332, stack(0x0000006a51800000,0x0000006a51900000) (1024K)]
  0x0000016aecb1b9b0 JavaThread "Cache worker for execution history cache (D:\Nhom33_DiDong\.gradle\9.3.1\executionHistory)"        [_thread_blocked, id=7984, stack(0x0000006a51c00000,0x0000006a51d00000) (1024K)]
  0x0000016ae34cd860 JavaThread "Unconstrained build operations Thread 45"        [_thread_blocked, id=13104, stack(0x0000006a51d00000,0x0000006a51e00000) (1024K)]
  0x0000016ae34cbe20 JavaThread "Unconstrained build operations Thread 46"        [_thread_blocked, id=17204, stack(0x0000006a51e00000,0x0000006a51f00000) (1024K)]
  0x0000016ae34cb790 JavaThread "Unconstrained build operations Thread 47"        [_thread_blocked, id=20080, stack(0x0000006a51f00000,0x0000006a52000000) (1024K)]
  0x0000016ae34ccb40 JavaThread "Unconstrained build operations Thread 48"        [_thread_blocked, id=19092, stack(0x0000006a52100000,0x0000006a52200000) (1024K)]
  0x0000016ae34ca3e0 JavaThread "Unconstrained build operations Thread 49"        [_thread_blocked, id=3516, stack(0x0000006a52200000,0x0000006a52300000) (1024K)]
  0x0000016ae34cb100 JavaThread "Unconstrained build operations Thread 50"        [_thread_blocked, id=3420, stack(0x0000006a52300000,0x0000006a52400000) (1024K)]
  0x0000016aea052640 JavaThread "Unconstrained build operations Thread 51"        [_thread_blocked, id=18252, stack(0x0000006a52400000,0x0000006a52500000) (1024K)]
  0x0000016aea050c00 JavaThread "Unconstrained build operations Thread 52"        [_thread_blocked, id=17944, stack(0x0000006a52500000,0x0000006a52600000) (1024K)]
  0x0000016aea051290 JavaThread "Unconstrained build operations Thread 53"        [_thread_blocked, id=896, stack(0x0000006a52600000,0x0000006a52700000) (1024K)]
  0x0000016aea04fee0 JavaThread "Unconstrained build operations Thread 54"        [_thread_blocked, id=1032, stack(0x0000006a52700000,0x0000006a52800000) (1024K)]
  0x0000016aec433f70 JavaThread "Unconstrained build operations Thread 55"        [_thread_blocked, id=2552, stack(0x0000006a52800000,0x0000006a52900000) (1024K)]
  0x0000016ae4729400 JavaThread "WorkerExecutor Queue"              [_thread_blocked, id=2024, stack(0x0000006a52900000,0x0000006a52a00000) (1024K)]
  0x0000016add45be10 JavaThread "Unconstrained build operations Thread 56"        [_thread_blocked, id=15224, stack(0x0000006a52a00000,0x0000006a52b00000) (1024K)]
  0x0000016add45c4a0 JavaThread "Unconstrained build operations Thread 57"        [_thread_blocked, id=9088, stack(0x0000006a52b00000,0x0000006a52c00000) (1024K)]
  0x0000016ae5351920 JavaThread "Unconstrained build operations Thread 58"        [_thread_blocked, id=404, stack(0x0000006a52c00000,0x0000006a52d00000) (1024K)]
  0x0000016ae5351290 JavaThread "Unconstrained build operations Thread 59"        [_thread_blocked, id=19764, stack(0x0000006a52d00000,0x0000006a52e00000) (1024K)]
  0x0000016ae534fee0 JavaThread "Unconstrained build operations Thread 60"        [_thread_blocked, id=5004, stack(0x0000006a52e00000,0x0000006a52f00000) (1024K)]
  0x0000016ae534f1c0 JavaThread "Unconstrained build operations Thread 61"        [_thread_blocked, id=16032, stack(0x0000006a52f00000,0x0000006a53000000) (1024K)]
  0x0000016ae5351fb0 JavaThread "Unconstrained build operations Thread 62"        [_thread_blocked, id=1084, stack(0x0000006a53000000,0x0000006a53100000) (1024K)]
  0x0000016ae534eb30 JavaThread "Unconstrained build operations Thread 63"        [_thread_blocked, id=20136, stack(0x0000006a53100000,0x0000006a53200000) (1024K)]
  0x0000016ae534f850 JavaThread "Unconstrained build operations Thread 64"        [_thread_blocked, id=8856, stack(0x0000006a53200000,0x0000006a53300000) (1024K)]
  0x0000016ae5350570 JavaThread "Unconstrained build operations Thread 65"        [_thread_blocked, id=1272, stack(0x0000006a53300000,0x0000006a53400000) (1024K)]
  0x0000016ae5350c00 JavaThread "Unconstrained build operations Thread 66"        [_thread_blocked, id=20460, stack(0x0000006a53400000,0x0000006a53500000) (1024K)]
  0x0000016aea050570 JavaThread "Unconstrained build operations Thread 67"        [_thread_blocked, id=13776, stack(0x0000006a53500000,0x0000006a53600000) (1024K)]
  0x0000016ae1b73150 JavaThread "Unconstrained build operations Thread 68"        [_thread_blocked, id=18928, stack(0x0000006a53600000,0x0000006a53700000) (1024K)]
  0x0000016ae1b74500 JavaThread "Unconstrained build operations Thread 69"        [_thread_blocked, id=17504, stack(0x0000006a53700000,0x0000006a53800000) (1024K)]
  0x0000016ae1b72ac0 JavaThread "Unconstrained build operations Thread 70"        [_thread_blocked, id=19348, stack(0x0000006a53800000,0x0000006a53900000) (1024K)]
  0x0000016ae1b72430 JavaThread "Unconstrained build operations Thread 71"        [_thread_blocked, id=2248, stack(0x0000006a53900000,0x0000006a53a00000) (1024K)]
  0x0000016ae1b73e70 JavaThread "Unconstrained build operations Thread 72"        [_thread_blocked, id=19388, stack(0x0000006a53a00000,0x0000006a53b00000) (1024K)]
  0x0000016ae1b74b90 JavaThread "Unconstrained build operations Thread 73"        [_thread_blocked, id=11820, stack(0x0000006a53b00000,0x0000006a53c00000) (1024K)]
  0x0000016ae1b737e0 JavaThread "Unconstrained build operations Thread 74"        [_thread_blocked, id=6804, stack(0x0000006a53c00000,0x0000006a53d00000) (1024K)]
  0x0000016ae1b75220 JavaThread "Unconstrained build operations Thread 75"        [_thread_blocked, id=18040, stack(0x0000006a53d00000,0x0000006a53e00000) (1024K)]
  0x0000016ae356bac0 JavaThread "Unconstrained build operations Thread 76"        [_thread_blocked, id=20304, stack(0x0000006a53e00000,0x0000006a53f00000) (1024K)]
  0x0000016ae356a080 JavaThread "Unconstrained build operations Thread 77"        [_thread_blocked, id=2448, stack(0x0000006a53f00000,0x0000006a54000000) (1024K)]
  0x0000016ae472a7b0 JavaThread "WorkerExecutor Queue Thread 2"        [_thread_blocked, id=3588, stack(0x0000006a54000000,0x0000006a54100000) (1024K)]
  0x0000016ae472ae40 JavaThread "WorkerExecutor Queue Thread 3"        [_thread_blocked, id=10876, stack(0x0000006a54100000,0x0000006a54200000) (1024K)]
  0x0000016ae472b4d0 JavaThread "WorkerExecutor Queue Thread 4"        [_thread_blocked, id=10576, stack(0x0000006a54200000,0x0000006a54300000) (1024K)]
  0x0000016ad8f41890 JavaThread "WorkerExecutor Queue Thread 5"        [_thread_blocked, id=14552, stack(0x0000006a54300000,0x0000006a54400000) (1024K)]
  0x0000016add209320 JavaThread "WorkerExecutor Queue Thread 6"        [_thread_blocked, id=8960, stack(0x0000006a54400000,0x0000006a54500000) (1024K)]
  0x0000016add2099b0 JavaThread "WorkerExecutor Queue Thread 7"        [_thread_blocked, id=20212, stack(0x0000006a54500000,0x0000006a54600000) (1024K)]
  0x0000016add20a040 JavaThread "WorkerExecutor Queue Thread 8"        [_thread_blocked, id=3596, stack(0x0000006a54600000,0x0000006a54700000) (1024K)]
  0x0000016ae4c13370 JavaThread "WorkerExecutor Queue Thread 9"        [_thread_blocked, id=3572, stack(0x0000006a54700000,0x0000006a54800000) (1024K)]
  0x0000016ae4c12650 JavaThread "WorkerExecutor Queue Thread 10"        [_thread_blocked, id=16876, stack(0x0000006a54800000,0x0000006a54900000) (1024K)]
  0x0000016ae4c13a00 JavaThread "WorkerExecutor Queue Thread 11"        [_thread_blocked, id=7620, stack(0x0000006a54900000,0x0000006a54a00000) (1024K)]
  0x0000016ade5728e0 JavaThread "WorkerExecutor Queue Thread 12"        [_thread_blocked, id=20152, stack(0x0000006a54a00000,0x0000006a54b00000) (1024K)]
Total: 159

Other Threads:
=>0x0000016ad8a17c90 VMThread "VM Thread"                           [id=6936, stack(0x0000006a4a300000,0x0000006a4a400000) (1024K)]
  0x0000016ad89cb1b0 WatcherThread "VM Periodic Task Thread"        [id=14964, stack(0x0000006a4a200000,0x0000006a4a300000) (1024K)]
  0x0000016ac0f25ab0 WorkerThread "GC Thread#0"                     [id=18360, stack(0x0000006a49d00000,0x0000006a49e00000) (1024K)]
  0x0000016add4b47c0 WorkerThread "GC Thread#1"                     [id=5436, stack(0x0000006a4af00000,0x0000006a4b000000) (1024K)]
  0x0000016add1aab30 WorkerThread "GC Thread#2"                     [id=10220, stack(0x0000006a4b000000,0x0000006a4b100000) (1024K)]
  0x0000016addd5be10 WorkerThread "GC Thread#3"                     [id=15612, stack(0x0000006a4b100000,0x0000006a4b200000) (1024K)]
  0x0000016addd5c1b0 WorkerThread "GC Thread#4"                     [id=6752, stack(0x0000006a4b200000,0x0000006a4b300000) (1024K)]
  0x0000016ade70f490 WorkerThread "GC Thread#5"                     [id=8436, stack(0x0000006a4b400000,0x0000006a4b500000) (1024K)]
  0x0000016ade70f830 WorkerThread "GC Thread#6"                     [id=13280, stack(0x0000006a4b500000,0x0000006a4b600000) (1024K)]
  0x0000016adff8de50 WorkerThread "GC Thread#7"                     [id=14636, stack(0x0000006a4b600000,0x0000006a4b700000) (1024K)]
  0x0000016adff8d710 WorkerThread "GC Thread#8"                     [id=3800, stack(0x0000006a4b700000,0x0000006a4b800000) (1024K)]
  0x0000016adff8e1f0 WorkerThread "GC Thread#9"                     [id=14872, stack(0x0000006a4b800000,0x0000006a4b900000) (1024K)]
  0x0000016ac0f369a0 ConcurrentGCThread "G1 Main Marker"            [id=4344, stack(0x0000006a49e00000,0x0000006a49f00000) (1024K)]
  0x0000016ac0f381f0 WorkerThread "G1 Conc#0"                       [id=17392, stack(0x0000006a49f00000,0x0000006a4a000000) (1024K)]
  0x0000016adff8e930 WorkerThread "G1 Conc#1"                       [id=6036, stack(0x0000006a4c000000,0x0000006a4c100000) (1024K)]
  0x0000016adff8e590 WorkerThread "G1 Conc#2"                       [id=18152, stack(0x0000006a4c100000,0x0000006a4c200000) (1024K)]
  0x0000016ad889d6e0 ConcurrentGCThread "G1 Refine#0"               [id=14092, stack(0x0000006a4a000000,0x0000006a4a100000) (1024K)]
  0x0000016ae36c6f70 ConcurrentGCThread "G1 Refine#1"               [id=19816, stack(0x0000006a51900000,0x0000006a51a00000) (1024K)]
  0x0000016ad889ff20 ConcurrentGCThread "G1 Service"                [id=15120, stack(0x0000006a4a100000,0x0000006a4a200000) (1024K)]
Total: 19

Threads with active compile tasks:
C2 CompilerThread0  5750572 38265 % !   4       com.android.ide.common.resources.MergedResourceWriter::postWriteAction @ 407 (1203 bytes)
Total: 1

VM state: at safepoint (normal execution)

VM Mutex/Monitor currently owned by a thread:  ([mutex/lock_event])
[0x00007ffdb14e8690] Threads_lock - owner thread: 0x0000016ad8a17c90
[0x00007ffdb14e8790] Heap_lock - owner thread: 0x0000016ae4729400

Heap address: 0x0000000080000000, size: 2048 MB, Compressed Oops mode: 32-bit

CDS archive(s) not mapped
Compressed class space mapped at: 0x0000000100000000-0x0000000140000000, reserved size: 1073741824
Narrow klass base: 0x0000000000000000, Narrow klass shift: 3, Narrow klass range: 0x140000000

GC Precious Log:
 CardTable entry size: 512
 Card Set container configuration: InlinePtr #cards 5 size 8 Array Of Cards #cards 12 size 40 Howl #buckets 4 coarsen threshold 1843 Howl Bitmap #cards 512 size 80 coarsen threshold 460 Card regions per heap region 1 cards per card region 2048
 CPUs: 12 total, 12 available
 Memory: 7514M
 Large Page Support: Disabled
 NUMA Support: Disabled
 Compressed Oops: Enabled (32-bit)
 Heap Region Size: 1M
 Heap Min Capacity: 8M
 Heap Initial Capacity: 118M
 Heap Max Capacity: 2G
 Pre-touch: Disabled
 Parallel Workers: 10
 Concurrent Workers: 3
 Concurrent Refinement Workers: 10
 Periodic GC: Disabled

Heap:
 garbage-first heap   total 676864K, used 297321K [0x0000000080000000, 0x0000000100000000)
  region size 1024K, 10 young (10240K), 10 survivors (10240K)
 Metaspace       used 177509K, committed 179200K, reserved 1245184K
  class space    used 23681K, committed 24576K, reserved 1048576K

Heap Regions: E=young(eden), S=young(survivor), O=old, HS=humongous(starts), HC=humongous(continues), CS=collection set, F=free, TAMS=top-at-mark-start, PB=parsable bottom
|   0|0x0000000080000000, 0x0000000080100000, 0x0000000080100000|100%|HS|  |TAMS 0x0000000080100000| PB 0x0000000080000000| Complete 
|   1|0x0000000080100000, 0x0000000080200000, 0x0000000080200000|100%|HC|  |TAMS 0x0000000080200000| PB 0x0000000080100000| Complete 
|   2|0x0000000080200000, 0x0000000080300000, 0x0000000080300000|100%|HC|  |TAMS 0x0000000080300000| PB 0x0000000080200000| Complete 
|   3|0x0000000080300000, 0x0000000080400000, 0x0000000080400000|100%|HC|  |TAMS 0x0000000080400000| PB 0x0000000080300000| Complete 
|   4|0x0000000080400000, 0x0000000080500000, 0x0000000080500000|100%| O|  |TAMS 0x0000000080500000| PB 0x0000000080400000| Untracked 
|   5|0x0000000080500000, 0x0000000080600000, 0x0000000080600000|100%| O|  |TAMS 0x0000000080600000| PB 0x0000000080500000| Untracked 
|   6|0x0000000080600000, 0x0000000080700000, 0x0000000080700000|100%| O|  |TAMS 0x0000000080700000| PB 0x0000000080600000| Untracked 
|   7|0x0000000080700000, 0x0000000080800000, 0x0000000080800000|100%|HS|  |TAMS 0x0000000080800000| PB 0x0000000080700000| Complete 
|   8|0x0000000080800000, 0x0000000080900000, 0x0000000080900000|100%| O|  |TAMS 0x0000000080900000| PB 0x0000000080800000| Updating 
|   9|0x0000000080900000, 0x0000000080a00000, 0x0000000080a00000|100%| O|  |TAMS 0x0000000080a00000| PB 0x0000000080900000| Untracked 
|  10|0x0000000080a00000, 0x0000000080b00000, 0x0000000080b00000|100%| O|  |TAMS 0x0000000080b00000| PB 0x0000000080a00000| Untracked 
|  11|0x0000000080b00000, 0x0000000080c00000, 0x0000000080c00000|100%| O|  |TAMS 0x0000000080c00000| PB 0x0000000080b00000| Untracked 
|  12|0x0000000080c00000, 0x0000000080d00000, 0x0000000080d00000|100%| O|  |TAMS 0x0000000080d00000| PB 0x0000000080c00000| Untracked 
|  13|0x0000000080d00000, 0x0000000080e00000, 0x0000000080e00000|100%| O|  |TAMS 0x0000000080e00000| PB 0x0000000080d00000| Untracked 
|  14|0x0000000080e00000, 0x0000000080f00000, 0x0000000080f00000|100%| O|  |TAMS 0x0000000080f00000| PB 0x0000000080e00000| Untracked 
|  15|0x0000000080f00000, 0x0000000081000000, 0x0000000081000000|100%| O|  |TAMS 0x0000000081000000| PB 0x0000000080f00000| Untracked 
|  16|0x0000000081000000, 0x0000000081100000, 0x0000000081100000|100%| O|  |TAMS 0x0000000081100000| PB 0x0000000081000000| Untracked 
|  17|0x0000000081100000, 0x0000000081200000, 0x0000000081200000|100%| O|  |TAMS 0x0000000081200000| PB 0x0000000081100000| Untracked 
|  18|0x0000000081200000, 0x0000000081300000, 0x0000000081300000|100%| O|  |TAMS 0x0000000081300000| PB 0x0000000081200000| Updating 
|  19|0x0000000081300000, 0x0000000081400000, 0x0000000081400000|100%| O|  |TAMS 0x0000000081400000| PB 0x0000000081300000| Untracked 
|  20|0x0000000081400000, 0x0000000081500000, 0x0000000081500000|100%| O|  |TAMS 0x0000000081500000| PB 0x0000000081400000| Updating 
|  21|0x0000000081500000, 0x0000000081600000, 0x0000000081600000|100%| O|  |TAMS 0x0000000081600000| PB 0x0000000081600000| Updating 
|  22|0x0000000081600000, 0x0000000081700000, 0x0000000081700000|100%| O|  |TAMS 0x0000000081700000| PB 0x0000000081600000| Updating 
|  23|0x0000000081700000, 0x0000000081800000, 0x0000000081800000|100%| O|  |TAMS 0x0000000081800000| PB 0x0000000081700000| Updating 
|  24|0x0000000081800000, 0x0000000081900000, 0x0000000081900000|100%| O|  |TAMS 0x0000000081900000| PB 0x0000000081800000| Untracked 
|  25|0x0000000081900000, 0x0000000081a00000, 0x0000000081a00000|100%| O|  |TAMS 0x0000000081a00000| PB 0x0000000081900000| Updating 
|  26|0x0000000081a00000, 0x0000000081b00000, 0x0000000081b00000|100%| O|  |TAMS 0x0000000081b00000| PB 0x0000000081a00000| Updating 
|  27|0x0000000081b00000, 0x0000000081c00000, 0x0000000081c00000|100%| O|  |TAMS 0x0000000081c00000| PB 0x0000000081c00000| Updating 
|  28|0x0000000081c00000, 0x0000000081d00000, 0x0000000081d00000|100%| O|  |TAMS 0x0000000081d00000| PB 0x0000000081d00000| Updating 
|  29|0x0000000081d00000, 0x0000000081e00000, 0x0000000081e00000|100%| O|  |TAMS 0x0000000081e00000| PB 0x0000000081e00000| Updating 
|  30|0x0000000081e00000, 0x0000000081f00000, 0x0000000081f00000|100%| O|  |TAMS 0x0000000081f00000| PB 0x0000000081f00000| Updating 
|  31|0x0000000081f00000, 0x0000000082000000, 0x0000000082000000|100%| O|  |TAMS 0x0000000082000000| PB 0x0000000082000000| Updating 
|  32|0x0000000082000000, 0x0000000082100000, 0x0000000082100000|100%| O|  |TAMS 0x0000000082100000| PB 0x0000000082100000| Untracked 
|  33|0x0000000082100000, 0x0000000082200000, 0x0000000082200000|100%| O|  |TAMS 0x0000000082200000| PB 0x0000000082200000| Updating 
|  34|0x0000000082200000, 0x0000000082300000, 0x0000000082300000|100%| O|  |TAMS 0x0000000082300000| PB 0x0000000082300000| Untracked 
|  35|0x0000000082300000, 0x0000000082400000, 0x0000000082400000|100%| O|  |TAMS 0x0000000082400000| PB 0x0000000082400000| Updating 
|  36|0x0000000082400000, 0x0000000082500000, 0x0000000082500000|100%|HS|  |TAMS 0x0000000082500000| PB 0x0000000082400000| Complete 
|  37|0x0000000082500000, 0x0000000082600000, 0x0000000082600000|100%|HC|  |TAMS 0x0000000082600000| PB 0x0000000082500000| Complete 
|  38|0x0000000082600000, 0x0000000082700000, 0x0000000082700000|100%| O|  |TAMS 0x0000000082700000| PB 0x0000000082700000| Updating 
|  39|0x0000000082700000, 0x0000000082800000, 0x0000000082800000|100%|HS|  |TAMS 0x0000000082800000| PB 0x0000000082700000| Complete 
|  40|0x0000000082800000, 0x0000000082900000, 0x0000000082900000|100%| O|  |TAMS 0x0000000082900000| PB 0x0000000082900000| Updating 
|  41|0x0000000082900000, 0x0000000082a00000, 0x0000000082a00000|100%| O|  |TAMS 0x0000000082a00000| PB 0x0000000082a00000| Untracked 
|  42|0x0000000082a00000, 0x0000000082b00000, 0x0000000082b00000|100%| O|  |TAMS 0x0000000082b00000| PB 0x0000000082b00000| Updating 
|  43|0x0000000082b00000, 0x0000000082c00000, 0x0000000082c00000|100%| O|  |TAMS 0x0000000082c00000| PB 0x0000000082c00000| Updating 
|  44|0x0000000082c00000, 0x0000000082d00000, 0x0000000082d00000|100%| O|  |TAMS 0x0000000082d00000| PB 0x0000000082d00000| Updating 
|  45|0x0000000082d00000, 0x0000000082e00000, 0x0000000082e00000|100%| O|  |TAMS 0x0000000082e00000| PB 0x0000000082e00000| Untracked 
|  46|0x0000000082e00000, 0x0000000082f00000, 0x0000000082f00000|100%| O|  |TAMS 0x0000000082f00000| PB 0x0000000082f00000| Updating 
|  47|0x0000000082f00000, 0x0000000083000000, 0x0000000083000000|100%| O|  |TAMS 0x0000000083000000| PB 0x0000000083000000| Updating 
|  48|0x0000000083000000, 0x0000000083100000, 0x0000000083100000|100%| O|  |TAMS 0x0000000083000000| PB 0x0000000083000000| Untracked 
|  49|0x0000000083100000, 0x0000000083200000, 0x0000000083200000|100%| O|  |TAMS 0x0000000083200000| PB 0x0000000083200000| Untracked 
|  50|0x0000000083200000, 0x0000000083300000, 0x0000000083300000|100%| O|  |TAMS 0x0000000083300000| PB 0x0000000083300000| Updating 
|  51|0x0000000083300000, 0x0000000083400000, 0x0000000083400000|100%| O|  |TAMS 0x0000000083400000| PB 0x0000000083400000| Untracked 
|  52|0x0000000083400000, 0x0000000083500000, 0x0000000083500000|100%|HS|  |TAMS 0x0000000083500000| PB 0x0000000083400000| Complete 
|  53|0x0000000083500000, 0x0000000083600000, 0x0000000083600000|100%|HC|  |TAMS 0x0000000083600000| PB 0x0000000083500000| Complete 
|  54|0x0000000083600000, 0x0000000083700000, 0x0000000083700000|100%| O|  |TAMS 0x0000000083700000| PB 0x0000000083700000| Untracked 
|  55|0x0000000083700000, 0x0000000083800000, 0x0000000083800000|100%|HS|  |TAMS 0x0000000083800000| PB 0x0000000083700000| Complete 
|  56|0x0000000083800000, 0x0000000083900000, 0x0000000083900000|100%|HS|  |TAMS 0x0000000083900000| PB 0x0000000083800000| Complete 
|  57|0x0000000083900000, 0x0000000083a00000, 0x0000000083a00000|100%| O|  |TAMS 0x0000000083a00000| PB 0x0000000083a00000| Untracked 
|  58|0x0000000083a00000, 0x0000000083b00000, 0x0000000083b00000|100%| O|  |TAMS 0x0000000083b00000| PB 0x0000000083b00000| Untracked 
|  59|0x0000000083b00000, 0x0000000083c00000, 0x0000000083c00000|100%|HS|  |TAMS 0x0000000083c00000| PB 0x0000000083b00000| Complete 
|  60|0x0000000083c00000, 0x0000000083d00000, 0x0000000083d00000|100%| O|  |TAMS 0x0000000083d00000| PB 0x0000000083d00000| Updating 
|  61|0x0000000083d00000, 0x0000000083e00000, 0x0000000083e00000|100%| O|  |TAMS 0x0000000083e00000| PB 0x0000000083e00000| Updating 
|  62|0x0000000083e00000, 0x0000000083f00000, 0x0000000083f00000|100%|HS|  |TAMS 0x0000000083f00000| PB 0x0000000083e00000| Complete 
|  63|0x0000000083f00000, 0x0000000084000000, 0x0000000084000000|100%|HC|  |TAMS 0x0000000084000000| PB 0x0000000083f00000| Complete 
|  64|0x0000000084000000, 0x0000000084100000, 0x0000000084100000|100%| O|  |TAMS 0x0000000084100000| PB 0x0000000084100000| Updating 
|  65|0x0000000084100000, 0x0000000084200000, 0x0000000084200000|100%|HS|  |TAMS 0x0000000084200000| PB 0x0000000084100000| Complete 
|  66|0x0000000084200000, 0x0000000084300000, 0x0000000084300000|100%|HS|  |TAMS 0x0000000084300000| PB 0x0000000084200000| Complete 
|  67|0x0000000084300000, 0x0000000084400000, 0x0000000084400000|100%| O|  |TAMS 0x0000000084400000| PB 0x0000000084400000| Untracked 
|  68|0x0000000084400000, 0x0000000084500000, 0x0000000084500000|100%| O|  |TAMS 0x0000000084500000| PB 0x0000000084500000| Updating 
|  69|0x0000000084500000, 0x0000000084600000, 0x0000000084600000|100%| O|  |TAMS 0x0000000084600000| PB 0x0000000084600000| Updating 
|  70|0x0000000084600000, 0x0000000084700000, 0x0000000084700000|100%| O|  |TAMS 0x0000000084700000| PB 0x0000000084700000| Updating 
|  71|0x0000000084700000, 0x0000000084800000, 0x0000000084800000|100%|HS|  |TAMS 0x0000000084800000| PB 0x0000000084700000| Complete 
|  72|0x0000000084800000, 0x0000000084900000, 0x0000000084900000|100%| O|  |TAMS 0x0000000084900000| PB 0x0000000084900000| Updating 
|  73|0x0000000084900000, 0x0000000084a00000, 0x0000000084a00000|100%| O|  |TAMS 0x0000000084a00000| PB 0x0000000084a00000| Updating 
|  74|0x0000000084a00000, 0x0000000084b00000, 0x0000000084b00000|100%| O|  |TAMS 0x0000000084b00000| PB 0x0000000084b00000| Updating 
|  75|0x0000000084b00000, 0x0000000084c00000, 0x0000000084c00000|100%| O|  |TAMS 0x0000000084b00000| PB 0x0000000084b00000| Untracked 
|  76|0x0000000084c00000, 0x0000000084d00000, 0x0000000084d00000|100%| O|  |TAMS 0x0000000084d00000| PB 0x0000000084d00000| Updating 
|  77|0x0000000084d00000, 0x0000000084e00000, 0x0000000084e00000|100%| O|  |TAMS 0x0000000084e00000| PB 0x0000000084e00000| Updating 
|  78|0x0000000084e00000, 0x0000000084f00000, 0x0000000084f00000|100%| O|  |TAMS 0x0000000084f00000| PB 0x0000000084f00000| Updating 
|  79|0x0000000084f00000, 0x0000000085000000, 0x0000000085000000|100%| O|  |TAMS 0x0000000085000000| PB 0x0000000085000000| Updating 
|  80|0x0000000085000000, 0x0000000085100000, 0x0000000085100000|100%| O|  |TAMS 0x0000000085100000| PB 0x0000000085100000| Updating 
|  81|0x0000000085100000, 0x0000000085200000, 0x0000000085200000|100%| O|  |TAMS 0x0000000085200000| PB 0x0000000085200000| Updating 
|  82|0x0000000085200000, 0x0000000085300000, 0x0000000085300000|100%| O|  |TAMS 0x0000000085300000| PB 0x0000000085300000| Updating 
|  83|0x0000000085300000, 0x0000000085400000, 0x0000000085400000|100%| O|  |TAMS 0x0000000085300000| PB 0x0000000085300000| Untracked 
|  84|0x0000000085400000, 0x0000000085500000, 0x0000000085500000|100%| O|  |TAMS 0x0000000085500000| PB 0x0000000085500000| Updating 
|  85|0x0000000085500000, 0x0000000085600000, 0x0000000085600000|100%| O|  |TAMS 0x0000000085600000| PB 0x0000000085600000| Updating 
|  86|0x0000000085600000, 0x0000000085700000, 0x0000000085700000|100%| O|  |TAMS 0x0000000085700000| PB 0x0000000085700000| Updating 
|  87|0x0000000085700000, 0x0000000085800000, 0x0000000085800000|100%| O|  |TAMS 0x0000000085800000| PB 0x0000000085800000| Updating 
|  88|0x0000000085800000, 0x0000000085900000, 0x0000000085900000|100%| O|  |TAMS 0x0000000085900000| PB 0x0000000085900000| Updating 
|  89|0x0000000085900000, 0x0000000085a00000, 0x0000000085a00000|100%| O|  |TAMS 0x0000000085a00000| PB 0x0000000085a00000| Updating 
|  90|0x0000000085a00000, 0x0000000085b00000, 0x0000000085b00000|100%| O|  |TAMS 0x0000000085b00000| PB 0x0000000085b00000| Updating 
|  91|0x0000000085b00000, 0x0000000085c00000, 0x0000000085c00000|100%| O|  |TAMS 0x0000000085c00000| PB 0x0000000085c00000| Untracked 
|  92|0x0000000085c00000, 0x0000000085d00000, 0x0000000085d00000|100%| O|  |TAMS 0x0000000085d00000| PB 0x0000000085d00000| Updating 
|  93|0x0000000085d00000, 0x0000000085e00000, 0x0000000085e00000|100%| O|  |TAMS 0x0000000085d00000| PB 0x0000000085d00000| Untracked 
|  94|0x0000000085e00000, 0x0000000085f00000, 0x0000000085f00000|100%| O|  |TAMS 0x0000000085f00000| PB 0x0000000085f00000| Updating 
|  95|0x0000000085f00000, 0x0000000086000000, 0x0000000086000000|100%| O|  |TAMS 0x0000000086000000| PB 0x0000000086000000| Updating 
|  96|0x0000000086000000, 0x0000000086100000, 0x0000000086100000|100%| O|  |TAMS 0x0000000086100000| PB 0x0000000086100000| Untracked 
|  97|0x0000000086100000, 0x0000000086200000, 0x0000000086200000|100%| O|  |TAMS 0x0000000086200000| PB 0x0000000086200000| Updating 
|  98|0x0000000086200000, 0x0000000086300000, 0x0000000086300000|100%| O|  |TAMS 0x0000000086300000| PB 0x0000000086300000| Untracked 
|  99|0x0000000086300000, 0x0000000086400000, 0x0000000086400000|100%| O|  |TAMS 0x0000000086400000| PB 0x0000000086400000| Untracked 
| 100|0x0000000086400000, 0x0000000086500000, 0x0000000086500000|100%| O|  |TAMS 0x0000000086500000| PB 0x0000000086500000| Untracked 
| 101|0x0000000086500000, 0x0000000086600000, 0x0000000086600000|100%| O|  |TAMS 0x0000000086600000| PB 0x0000000086600000| Updating 
| 102|0x0000000086600000, 0x0000000086700000, 0x0000000086700000|100%| O|  |TAMS 0x0000000086700000| PB 0x0000000086700000| Updating 
| 103|0x0000000086700000, 0x0000000086800000, 0x0000000086800000|100%| O|  |TAMS 0x0000000086800000| PB 0x0000000086800000| Updating 
| 104|0x0000000086800000, 0x0000000086900000, 0x0000000086900000|100%| O|  |TAMS 0x0000000086900000| PB 0x0000000086900000| Updating 
| 105|0x0000000086900000, 0x0000000086a00000, 0x0000000086a00000|100%| O|  |TAMS 0x0000000086a00000| PB 0x0000000086a00000| Updating 
| 106|0x0000000086a00000, 0x0000000086b00000, 0x0000000086b00000|100%| O|  |TAMS 0x0000000086b00000| PB 0x0000000086b00000| Updating 
| 107|0x0000000086b00000, 0x0000000086c00000, 0x0000000086c00000|100%| O|  |TAMS 0x0000000086c00000| PB 0x0000000086c00000| Untracked 
| 108|0x0000000086c00000, 0x0000000086d00000, 0x0000000086d00000|100%| O|  |TAMS 0x0000000086d00000| PB 0x0000000086d00000| Updating 
| 109|0x0000000086d00000, 0x0000000086e00000, 0x0000000086e00000|100%| O|  |TAMS 0x0000000086e00000| PB 0x0000000086e00000| Updating 
| 110|0x0000000086e00000, 0x0000000086f00000, 0x0000000086f00000|100%| O|  |TAMS 0x0000000086f00000| PB 0x0000000086f00000| Untracked 
| 111|0x0000000086f00000, 0x0000000087000000, 0x0000000087000000|100%| O|  |TAMS 0x0000000087000000| PB 0x0000000087000000| Updating 
| 112|0x0000000087000000, 0x0000000087100000, 0x0000000087100000|100%| O|  |TAMS 0x0000000087100000| PB 0x0000000087100000| Updating 
| 113|0x0000000087100000, 0x0000000087200000, 0x0000000087200000|100%| O|  |TAMS 0x0000000087200000| PB 0x0000000087200000| Untracked 
| 114|0x0000000087200000, 0x0000000087300000, 0x0000000087300000|100%| O|  |TAMS 0x0000000087300000| PB 0x0000000087300000| Updating 
| 115|0x0000000087300000, 0x0000000087300000, 0x0000000087400000|  0%| F|  |TAMS 0x0000000087300000| PB 0x0000000087300000| Untracked 
| 116|0x0000000087400000, 0x0000000087400000, 0x0000000087500000|  0%| F|  |TAMS 0x0000000087400000| PB 0x0000000087400000| Untracked 
| 117|0x0000000087500000, 0x0000000087600000, 0x0000000087600000|100%| O|  |TAMS 0x0000000087600000| PB 0x0000000087600000| Updating 
| 118|0x0000000087600000, 0x0000000087700000, 0x0000000087700000|100%| O|  |TAMS 0x0000000087700000| PB 0x0000000087700000| Updating 
| 119|0x0000000087700000, 0x0000000087800000, 0x0000000087800000|100%| O|  |TAMS 0x0000000087800000| PB 0x0000000087800000| Updating 
| 120|0x0000000087800000, 0x0000000087900000, 0x0000000087900000|100%| O|  |TAMS 0x0000000087800000| PB 0x0000000087800000| Untracked 
| 121|0x0000000087900000, 0x0000000087a00000, 0x0000000087a00000|100%| O|  |TAMS 0x0000000087a00000| PB 0x0000000087a00000| Updating 
| 122|0x0000000087a00000, 0x0000000087b00000, 0x0000000087b00000|100%| O|  |TAMS 0x0000000087b00000| PB 0x0000000087b00000| Untracked 
| 123|0x0000000087b00000, 0x0000000087c00000, 0x0000000087c00000|100%| O|  |TAMS 0x0000000087c00000| PB 0x0000000087c00000| Updating 
| 124|0x0000000087c00000, 0x0000000087d00000, 0x0000000087d00000|100%| O|  |TAMS 0x0000000087d00000| PB 0x0000000087d00000| Updating 
| 125|0x0000000087d00000, 0x0000000087e00000, 0x0000000087e00000|100%| O|  |TAMS 0x0000000087e00000| PB 0x0000000087e00000| Updating 
| 126|0x0000000087e00000, 0x0000000087f00000, 0x0000000087f00000|100%| O|  |TAMS 0x0000000087e00000| PB 0x0000000087e00000| Untracked 
| 127|0x0000000087f00000, 0x0000000088000000, 0x0000000088000000|100%| O|  |TAMS 0x0000000087f00000| PB 0x0000000087f00000| Untracked 
| 128|0x0000000088000000, 0x0000000088100000, 0x0000000088100000|100%| O|  |TAMS 0x0000000088100000| PB 0x0000000088100000| Updating 
| 129|0x0000000088100000, 0x0000000088200000, 0x0000000088200000|100%| O|  |TAMS 0x0000000088200000| PB 0x0000000088200000| Untracked 
| 130|0x0000000088200000, 0x0000000088300000, 0x0000000088300000|100%| O|  |TAMS 0x0000000088200000| PB 0x0000000088200000| Untracked 
| 131|0x0000000088300000, 0x0000000088400000, 0x0000000088400000|100%| O|  |TAMS 0x0000000088300000| PB 0x0000000088300000| Untracked 
| 132|0x0000000088400000, 0x0000000088500000, 0x0000000088500000|100%| O|  |TAMS 0x0000000088500000| PB 0x0000000088500000| Untracked 
| 133|0x0000000088500000, 0x0000000088600000, 0x0000000088600000|100%| O|  |TAMS 0x0000000088600000| PB 0x0000000088600000| Updating 
| 134|0x0000000088600000, 0x0000000088700000, 0x0000000088700000|100%| O|  |TAMS 0x0000000088700000| PB 0x0000000088700000| Updating 
| 135|0x0000000088700000, 0x0000000088800000, 0x0000000088800000|100%| O|  |TAMS 0x0000000088800000| PB 0x0000000088800000| Updating 
| 136|0x0000000088800000, 0x0000000088900000, 0x0000000088900000|100%| O|  |TAMS 0x0000000088900000| PB 0x0000000088900000| Updating 
| 137|0x0000000088900000, 0x0000000088a00000, 0x0000000088a00000|100%| O|  |TAMS 0x0000000088a00000| PB 0x0000000088a00000| Untracked 
| 138|0x0000000088a00000, 0x0000000088b00000, 0x0000000088b00000|100%| O|  |TAMS 0x0000000088b00000| PB 0x0000000088b00000| Untracked 
| 139|0x0000000088b00000, 0x0000000088c00000, 0x0000000088c00000|100%| O|  |TAMS 0x0000000088c00000| PB 0x0000000088c00000| Updating 
| 140|0x0000000088c00000, 0x0000000088d00000, 0x0000000088d00000|100%| O|  |TAMS 0x0000000088d00000| PB 0x0000000088d00000| Updating 
| 141|0x0000000088d00000, 0x0000000088e00000, 0x0000000088e00000|100%| O|  |TAMS 0x0000000088e00000| PB 0x0000000088e00000| Untracked 
| 142|0x0000000088e00000, 0x0000000088f00000, 0x0000000088f00000|100%| O|  |TAMS 0x0000000088f00000| PB 0x0000000088f00000| Untracked 
| 143|0x0000000088f00000, 0x0000000089000000, 0x0000000089000000|100%| O|  |TAMS 0x0000000089000000| PB 0x0000000089000000| Updating 
| 144|0x0000000089000000, 0x0000000089100000, 0x0000000089100000|100%| O|  |TAMS 0x0000000089100000| PB 0x0000000089100000| Untracked 
| 145|0x0000000089100000, 0x0000000089200000, 0x0000000089200000|100%| O|  |TAMS 0x0000000089200000| PB 0x0000000089200000| Updating 
| 146|0x0000000089200000, 0x0000000089300000, 0x0000000089300000|100%| O|  |TAMS 0x0000000089300000| PB 0x0000000089300000| Untracked 
| 147|0x0000000089300000, 0x0000000089400000, 0x0000000089400000|100%| O|  |TAMS 0x0000000089400000| PB 0x0000000089400000| Updating 
| 148|0x0000000089400000, 0x0000000089500000, 0x0000000089500000|100%| O|  |TAMS 0x0000000089400000| PB 0x0000000089400000| Untracked 
| 149|0x0000000089500000, 0x0000000089600000, 0x0000000089600000|100%| O|  |TAMS 0x0000000089600000| PB 0x0000000089600000| Updating 
| 150|0x0000000089600000, 0x0000000089700000, 0x0000000089700000|100%| O|  |TAMS 0x0000000089700000| PB 0x0000000089700000| Updating 
| 151|0x0000000089700000, 0x0000000089800000, 0x0000000089800000|100%| O|  |TAMS 0x0000000089800000| PB 0x0000000089800000| Updating 
| 152|0x0000000089800000, 0x0000000089900000, 0x0000000089900000|100%| O|  |TAMS 0x0000000089800000| PB 0x0000000089800000| Untracked 
| 153|0x0000000089900000, 0x0000000089a00000, 0x0000000089a00000|100%| O|  |TAMS 0x0000000089a00000| PB 0x0000000089a00000| Updating 
| 154|0x0000000089a00000, 0x0000000089b00000, 0x0000000089b00000|100%| O|  |TAMS 0x0000000089b00000| PB 0x0000000089b00000| Updating 
| 155|0x0000000089b00000, 0x0000000089c00000, 0x0000000089c00000|100%| O|  |TAMS 0x0000000089b00000| PB 0x0000000089b00000| Untracked 
| 156|0x0000000089c00000, 0x0000000089d00000, 0x0000000089d00000|100%| O|  |TAMS 0x0000000089d00000| PB 0x0000000089d00000| Updating 
| 157|0x0000000089d00000, 0x0000000089e00000, 0x0000000089e00000|100%| O|  |TAMS 0x0000000089e00000| PB 0x0000000089e00000| Updating 
| 158|0x0000000089e00000, 0x0000000089f00000, 0x0000000089f00000|100%| O|  |TAMS 0x0000000089f00000| PB 0x0000000089f00000| Updating 
| 159|0x0000000089f00000, 0x000000008a000000, 0x000000008a000000|100%| O|  |TAMS 0x000000008a000000| PB 0x000000008a000000| Updating 
| 160|0x000000008a000000, 0x000000008a100000, 0x000000008a100000|100%| O|  |TAMS 0x000000008a100000| PB 0x000000008a100000| Updating 
| 161|0x000000008a100000, 0x000000008a200000, 0x000000008a200000|100%| O|  |TAMS 0x000000008a200000| PB 0x000000008a200000| Updating 
| 162|0x000000008a200000, 0x000000008a300000, 0x000000008a300000|100%| O|  |TAMS 0x000000008a300000| PB 0x000000008a300000| Updating 
| 163|0x000000008a300000, 0x000000008a400000, 0x000000008a400000|100%| O|  |TAMS 0x000000008a400000| PB 0x000000008a400000| Updating 
| 164|0x000000008a400000, 0x000000008a500000, 0x000000008a500000|100%| O|  |TAMS 0x000000008a500000| PB 0x000000008a500000| Untracked 
| 165|0x000000008a500000, 0x000000008a600000, 0x000000008a600000|100%| O|  |TAMS 0x000000008a600000| PB 0x000000008a600000| Untracked 
| 166|0x000000008a600000, 0x000000008a700000, 0x000000008a700000|100%| O|  |TAMS 0x000000008a700000| PB 0x000000008a700000| Updating 
| 167|0x000000008a700000, 0x000000008a800000, 0x000000008a800000|100%| O|  |TAMS 0x000000008a800000| PB 0x000000008a800000| Updating 
| 168|0x000000008a800000, 0x000000008a900000, 0x000000008a900000|100%| O|  |TAMS 0x000000008a800000| PB 0x000000008a800000| Untracked 
| 169|0x000000008a900000, 0x000000008aa00000, 0x000000008aa00000|100%| O|  |TAMS 0x000000008aa00000| PB 0x000000008aa00000| Updating 
| 170|0x000000008aa00000, 0x000000008ab00000, 0x000000008ab00000|100%| O|  |TAMS 0x000000008ab00000| PB 0x000000008ab00000| Updating 
| 171|0x000000008ab00000, 0x000000008ac00000, 0x000000008ac00000|100%| O|  |TAMS 0x000000008ac00000| PB 0x000000008ac00000| Updating 
| 172|0x000000008ac00000, 0x000000008ad00000, 0x000000008ad00000|100%| O|  |TAMS 0x000000008ac00000| PB 0x000000008ac00000| Untracked 
| 173|0x000000008ad00000, 0x000000008ae00000, 0x000000008ae00000|100%| O|  |TAMS 0x000000008ae00000| PB 0x000000008ae00000| Updating 
| 174|0x000000008ae00000, 0x000000008af00000, 0x000000008af00000|100%| O|  |TAMS 0x000000008af00000| PB 0x000000008af00000| Updating 
| 175|0x000000008af00000, 0x000000008b000000, 0x000000008b000000|100%| O|  |TAMS 0x000000008b000000| PB 0x000000008b000000| Updating 
| 176|0x000000008b000000, 0x000000008b100000, 0x000000008b100000|100%| O|  |TAMS 0x000000008b100000| PB 0x000000008b100000| Updating 
| 177|0x000000008b100000, 0x000000008b200000, 0x000000008b200000|100%| O|  |TAMS 0x000000008b200000| PB 0x000000008b200000| Untracked 
| 178|0x000000008b200000, 0x000000008b300000, 0x000000008b300000|100%| O|  |TAMS 0x000000008b300000| PB 0x000000008b300000| Updating 
| 179|0x000000008b300000, 0x000000008b400000, 0x000000008b400000|100%| O|  |TAMS 0x000000008b400000| PB 0x000000008b400000| Untracked 
| 180|0x000000008b400000, 0x000000008b500000, 0x000000008b500000|100%| O|  |TAMS 0x000000008b500000| PB 0x000000008b500000| Untracked 
| 181|0x000000008b500000, 0x000000008b600000, 0x000000008b600000|100%|HS|  |TAMS 0x000000008b600000| PB 0x000000008b500000| Complete 
| 182|0x000000008b600000, 0x000000008b700000, 0x000000008b700000|100%|HC|  |TAMS 0x000000008b700000| PB 0x000000008b600000| Complete 
| 183|0x000000008b700000, 0x000000008b800000, 0x000000008b800000|100%| O|  |TAMS 0x000000008b700000| PB 0x000000008b700000| Untracked 
| 184|0x000000008b800000, 0x000000008b900000, 0x000000008b900000|100%| O|  |TAMS 0x000000008b800000| PB 0x000000008b800000| Untracked 
| 185|0x000000008b900000, 0x000000008ba00000, 0x000000008ba00000|100%| O|  |TAMS 0x000000008b900000| PB 0x000000008b900000| Untracked 
| 186|0x000000008ba00000, 0x000000008bb00000, 0x000000008bb00000|100%| O|  |TAMS 0x000000008bb00000| PB 0x000000008bb00000| Updating 
| 187|0x000000008bb00000, 0x000000008bc00000, 0x000000008bc00000|100%| O|  |TAMS 0x000000008bc00000| PB 0x000000008bc00000| Updating 
| 188|0x000000008bc00000, 0x000000008bd00000, 0x000000008bd00000|100%| O|  |TAMS 0x000000008bd00000| PB 0x000000008bd00000| Updating 
| 189|0x000000008bd00000, 0x000000008be00000, 0x000000008be00000|100%| O|  |TAMS 0x000000008be00000| PB 0x000000008be00000| Updating 
| 190|0x000000008be00000, 0x000000008bf00000, 0x000000008bf00000|100%| O|  |TAMS 0x000000008bf00000| PB 0x000000008bf00000| Updating 
| 191|0x000000008bf00000, 0x000000008c000000, 0x000000008c000000|100%|HS|  |TAMS 0x000000008bf00000| PB 0x000000008bf00000| Complete 
| 192|0x000000008c000000, 0x000000008c100000, 0x000000008c100000|100%| O|  |TAMS 0x000000008c100000| PB 0x000000008c100000| Updating 
| 193|0x000000008c100000, 0x000000008c200000, 0x000000008c200000|100%| O|  |TAMS 0x000000008c200000| PB 0x000000008c200000| Untracked 
| 194|0x000000008c200000, 0x000000008c300000, 0x000000008c300000|100%| O|  |TAMS 0x000000008c300000| PB 0x000000008c300000| Untracked 
| 195|0x000000008c300000, 0x000000008c400000, 0x000000008c400000|100%| O|  |TAMS 0x000000008c300000| PB 0x000000008c300000| Untracked 
| 196|0x000000008c400000, 0x000000008c500000, 0x000000008c500000|100%| O|  |TAMS 0x000000008c500000| PB 0x000000008c500000| Updating 
| 197|0x000000008c500000, 0x000000008c600000, 0x000000008c600000|100%| O|  |TAMS 0x000000008c600000| PB 0x000000008c600000| Updating 
| 198|0x000000008c600000, 0x000000008c700000, 0x000000008c700000|100%| O|  |TAMS 0x000000008c700000| PB 0x000000008c700000| Untracked 
| 199|0x000000008c700000, 0x000000008c800000, 0x000000008c800000|100%| O|  |TAMS 0x000000008c800000| PB 0x000000008c800000| Updating 
| 200|0x000000008c800000, 0x000000008c900000, 0x000000008c900000|100%| O|  |TAMS 0x000000008c900000| PB 0x000000008c900000| Updating 
| 201|0x000000008c900000, 0x000000008ca00000, 0x000000008ca00000|100%| O|  |TAMS 0x000000008ca00000| PB 0x000000008ca00000| Updating 
| 202|0x000000008ca00000, 0x000000008cb00000, 0x000000008cb00000|100%| O|  |TAMS 0x000000008cb00000| PB 0x000000008cb00000| Updating 
| 203|0x000000008cb00000, 0x000000008cc00000, 0x000000008cc00000|100%| O|  |TAMS 0x000000008cc00000| PB 0x000000008cc00000| Untracked 
| 204|0x000000008cc00000, 0x000000008cd00000, 0x000000008cd00000|100%| O|  |TAMS 0x000000008cd00000| PB 0x000000008cd00000| Untracked 
| 205|0x000000008cd00000, 0x000000008ce00000, 0x000000008ce00000|100%| O|  |TAMS 0x000000008ce00000| PB 0x000000008ce00000| Untracked 
| 206|0x000000008ce00000, 0x000000008cf00000, 0x000000008cf00000|100%| O|  |TAMS 0x000000008cf00000| PB 0x000000008cf00000| Untracked 
| 207|0x000000008cf00000, 0x000000008d000000, 0x000000008d000000|100%| O|  |TAMS 0x000000008d000000| PB 0x000000008d000000| Untracked 
| 208|0x000000008d000000, 0x000000008d100000, 0x000000008d100000|100%| O|  |TAMS 0x000000008d100000| PB 0x000000008d100000| Untracked 
| 209|0x000000008d100000, 0x000000008d200000, 0x000000008d200000|100%| O|  |TAMS 0x000000008d200000| PB 0x000000008d200000| Untracked 
| 210|0x000000008d200000, 0x000000008d300000, 0x000000008d300000|100%| O|  |TAMS 0x000000008d300000| PB 0x000000008d300000| Untracked 
| 211|0x000000008d300000, 0x000000008d400000, 0x000000008d400000|100%| O|  |TAMS 0x000000008d400000| PB 0x000000008d400000| Untracked 
| 212|0x000000008d400000, 0x000000008d500000, 0x000000008d500000|100%| O|  |TAMS 0x000000008d500000| PB 0x000000008d500000| Untracked 
| 213|0x000000008d500000, 0x000000008d600000, 0x000000008d600000|100%| O|  |TAMS 0x000000008d600000| PB 0x000000008d600000| Untracked 
| 214|0x000000008d600000, 0x000000008d700000, 0x000000008d700000|100%| O|  |TAMS 0x000000008d700000| PB 0x000000008d700000| Untracked 
| 215|0x000000008d700000, 0x000000008d800000, 0x000000008d800000|100%| O|  |TAMS 0x000000008d800000| PB 0x000000008d800000| Untracked 
| 216|0x000000008d800000, 0x000000008d900000, 0x000000008d900000|100%| O|  |TAMS 0x000000008d900000| PB 0x000000008d900000| Untracked 
| 217|0x000000008d900000, 0x000000008da00000, 0x000000008da00000|100%| O|  |TAMS 0x000000008da00000| PB 0x000000008da00000| Untracked 
| 218|0x000000008da00000, 0x000000008db00000, 0x000000008db00000|100%| O|  |TAMS 0x000000008db00000| PB 0x000000008db00000| Untracked 
| 219|0x000000008db00000, 0x000000008dc00000, 0x000000008dc00000|100%| O|  |TAMS 0x000000008dc00000| PB 0x000000008dc00000| Untracked 
| 220|0x000000008dc00000, 0x000000008dd00000, 0x000000008dd00000|100%| O|  |TAMS 0x000000008dd00000| PB 0x000000008dd00000| Untracked 
| 221|0x000000008dd00000, 0x000000008de00000, 0x000000008de00000|100%| O|  |TAMS 0x000000008de00000| PB 0x000000008de00000| Untracked 
| 222|0x000000008de00000, 0x000000008df00000, 0x000000008df00000|100%| O|  |TAMS 0x000000008df00000| PB 0x000000008df00000| Untracked 
| 223|0x000000008df00000, 0x000000008e000000, 0x000000008e000000|100%| O|  |TAMS 0x000000008e000000| PB 0x000000008e000000| Updating 
| 224|0x000000008e000000, 0x000000008e100000, 0x000000008e100000|100%| O|  |TAMS 0x000000008e100000| PB 0x000000008e100000| Untracked 
| 225|0x000000008e100000, 0x000000008e200000, 0x000000008e200000|100%| O|  |TAMS 0x000000008e200000| PB 0x000000008e200000| Untracked 
| 226|0x000000008e200000, 0x000000008e300000, 0x000000008e300000|100%| O|  |TAMS 0x000000008e300000| PB 0x000000008e300000| Untracked 
| 227|0x000000008e300000, 0x000000008e400000, 0x000000008e400000|100%| O|  |TAMS 0x000000008e400000| PB 0x000000008e400000| Updating 
| 228|0x000000008e400000, 0x000000008e500000, 0x000000008e500000|100%| O|  |TAMS 0x000000008e500000| PB 0x000000008e500000| Updating 
| 229|0x000000008e500000, 0x000000008e600000, 0x000000008e600000|100%| O|  |TAMS 0x000000008e500000| PB 0x000000008e500000| Untracked 
| 230|0x000000008e600000, 0x000000008e700000, 0x000000008e700000|100%| O|  |TAMS 0x000000008e700000| PB 0x000000008e700000| Updating 
| 231|0x000000008e700000, 0x000000008e800000, 0x000000008e800000|100%| O|  |TAMS 0x000000008e800000| PB 0x000000008e800000| Updating 
| 232|0x000000008e800000, 0x000000008e900000, 0x000000008e900000|100%| O|  |TAMS 0x000000008e900000| PB 0x000000008e900000| Updating 
| 233|0x000000008e900000, 0x000000008e900000, 0x000000008ea00000|  0%| F|  |TAMS 0x000000008e900000| PB 0x000000008e900000| Untracked 
| 234|0x000000008ea00000, 0x000000008ea00000, 0x000000008eb00000|  0%| F|  |TAMS 0x000000008ea00000| PB 0x000000008ea00000| Untracked 
| 235|0x000000008eb00000, 0x000000008ec00000, 0x000000008ec00000|100%| O|  |TAMS 0x000000008eb00000| PB 0x000000008eb00000| Untracked 
| 236|0x000000008ec00000, 0x000000008ed00000, 0x000000008ed00000|100%| O|  |TAMS 0x000000008ec00000| PB 0x000000008ec00000| Untracked 
| 237|0x000000008ed00000, 0x000000008ee00000, 0x000000008ee00000|100%| O|  |TAMS 0x000000008ed00000| PB 0x000000008ed00000| Untracked 
| 238|0x000000008ee00000, 0x000000008ef00000, 0x000000008ef00000|100%| O|  |TAMS 0x000000008ef00000| PB 0x000000008ef00000| Untracked 
| 239|0x000000008ef00000, 0x000000008f000000, 0x000000008f000000|100%| O|  |TAMS 0x000000008f000000| PB 0x000000008f000000| Updating 
| 240|0x000000008f000000, 0x000000008f100000, 0x000000008f100000|100%| O|  |TAMS 0x000000008f100000| PB 0x000000008f100000| Updating 
| 241|0x000000008f100000, 0x000000008f200000, 0x000000008f200000|100%| O|  |TAMS 0x000000008f200000| PB 0x000000008f200000| Updating 
| 242|0x000000008f200000, 0x000000008f300000, 0x000000008f300000|100%| O|  |TAMS 0x000000008f300000| PB 0x000000008f300000| Updating 
| 243|0x000000008f300000, 0x000000008f400000, 0x000000008f400000|100%| O|  |TAMS 0x000000008f400000| PB 0x000000008f400000| Updating 
| 244|0x000000008f400000, 0x000000008f500000, 0x000000008f500000|100%| O|  |TAMS 0x000000008f400000| PB 0x000000008f400000| Untracked 
| 245|0x000000008f500000, 0x000000008f600000, 0x000000008f600000|100%| O|  |TAMS 0x000000008f600000| PB 0x000000008f600000| Updating 
| 246|0x000000008f600000, 0x000000008f700000, 0x000000008f700000|100%| O|  |TAMS 0x000000008f600000| PB 0x000000008f600000| Untracked 
| 247|0x000000008f700000, 0x000000008f800000, 0x000000008f800000|100%| O|  |TAMS 0x000000008f800000| PB 0x000000008f800000| Updating 
| 248|0x000000008f800000, 0x000000008f900000, 0x000000008f900000|100%| O|  |TAMS 0x000000008f900000| PB 0x000000008f900000| Updating 
| 249|0x000000008f900000, 0x000000008fa00000, 0x000000008fa00000|100%| O|  |TAMS 0x000000008f900000| PB 0x000000008f900000| Untracked 
| 250|0x000000008fa00000, 0x000000008fb00000, 0x000000008fb00000|100%| O|  |TAMS 0x000000008fa00000| PB 0x000000008fa00000| Untracked 
| 251|0x000000008fb00000, 0x000000008fc00000, 0x000000008fc00000|100%| O|  |TAMS 0x000000008fb00000| PB 0x000000008fb00000| Untracked 
| 252|0x000000008fc00000, 0x000000008fd00000, 0x000000008fd00000|100%| O|  |TAMS 0x000000008fd00000| PB 0x000000008fd00000| Updating 
| 253|0x000000008fd00000, 0x000000008fe00000, 0x000000008fe00000|100%| O|  |TAMS 0x000000008fd00000| PB 0x000000008fd00000| Untracked 
| 254|0x000000008fe00000, 0x000000008ff00000, 0x000000008ff00000|100%| O|  |TAMS 0x000000008ff00000| PB 0x000000008ff00000| Updating 
| 255|0x000000008ff00000, 0x0000000090000000, 0x0000000090000000|100%| O|  |TAMS 0x000000008ff00000| PB 0x000000008ff00000| Untracked 
| 256|0x0000000090000000, 0x0000000090100000, 0x0000000090100000|100%| O|  |TAMS 0x0000000090000000| PB 0x0000000090000000| Untracked 
| 257|0x0000000090100000, 0x0000000090200000, 0x0000000090200000|100%| O|  |TAMS 0x0000000090100000| PB 0x0000000090100000| Untracked 
| 258|0x0000000090200000, 0x0000000090300000, 0x0000000090300000|100%| O|  |TAMS 0x0000000090200000| PB 0x0000000090200000| Untracked 
| 259|0x0000000090300000, 0x0000000090400000, 0x0000000090400000|100%| O|  |TAMS 0x0000000090300000| PB 0x0000000090300000| Untracked 
| 260|0x0000000090400000, 0x0000000090500000, 0x0000000090500000|100%| O|  |TAMS 0x0000000090400000| PB 0x0000000090400000| Untracked 
| 261|0x0000000090500000, 0x0000000090600000, 0x0000000090600000|100%| O|  |TAMS 0x0000000090500000| PB 0x0000000090500000| Untracked 
| 262|0x0000000090600000, 0x0000000090700000, 0x0000000090700000|100%| O|  |TAMS 0x0000000090600000| PB 0x0000000090600000| Untracked 
| 263|0x0000000090700000, 0x0000000090716240, 0x0000000090800000|  8%| O|  |TAMS 0x0000000090700000| PB 0x0000000090700000| Untracked 
| 264|0x0000000090800000, 0x0000000090800000, 0x0000000090900000|  0%| F|  |TAMS 0x0000000090800000| PB 0x0000000090800000| Untracked 
| 265|0x0000000090900000, 0x0000000090900000, 0x0000000090a00000|  0%| F|  |TAMS 0x0000000090900000| PB 0x0000000090900000| Untracked 
| 266|0x0000000090a00000, 0x0000000090a00000, 0x0000000090b00000|  0%| F|  |TAMS 0x0000000090a00000| PB 0x0000000090a00000| Untracked 
| 267|0x0000000090b00000, 0x0000000090b00000, 0x0000000090c00000|  0%| F|  |TAMS 0x0000000090b00000| PB 0x0000000090b00000| Untracked 
| 268|0x0000000090c00000, 0x0000000090c00000, 0x0000000090d00000|  0%| F|  |TAMS 0x0000000090c00000| PB 0x0000000090c00000| Untracked 
| 269|0x0000000090d00000, 0x0000000090d00000, 0x0000000090e00000|  0%| F|  |TAMS 0x0000000090d00000| PB 0x0000000090d00000| Untracked 
| 270|0x0000000090e00000, 0x0000000090e00000, 0x0000000090f00000|  0%| F|  |TAMS 0x0000000090e00000| PB 0x0000000090e00000| Untracked 
| 271|0x0000000090f00000, 0x0000000090f00000, 0x0000000091000000|  0%| F|  |TAMS 0x0000000090f00000| PB 0x0000000090f00000| Untracked 
| 272|0x0000000091000000, 0x0000000091000000, 0x0000000091100000|  0%| F|  |TAMS 0x0000000091000000| PB 0x0000000091000000| Untracked 
| 273|0x0000000091100000, 0x0000000091100000, 0x0000000091200000|  0%| F|  |TAMS 0x0000000091100000| PB 0x0000000091100000| Untracked 
| 274|0x0000000091200000, 0x0000000091200000, 0x0000000091300000|  0%| F|  |TAMS 0x0000000091200000| PB 0x0000000091200000| Untracked 
| 275|0x0000000091300000, 0x0000000091300000, 0x0000000091400000|  0%| F|  |TAMS 0x0000000091300000| PB 0x0000000091300000| Untracked 
| 276|0x0000000091400000, 0x0000000091400000, 0x0000000091500000|  0%| F|  |TAMS 0x0000000091400000| PB 0x0000000091400000| Untracked 
| 277|0x0000000091500000, 0x0000000091500000, 0x0000000091600000|  0%| F|  |TAMS 0x0000000091500000| PB 0x0000000091500000| Untracked 
| 278|0x0000000091600000, 0x0000000091600000, 0x0000000091700000|  0%| F|  |TAMS 0x0000000091600000| PB 0x0000000091600000| Untracked 
| 279|0x0000000091700000, 0x0000000091700000, 0x0000000091800000|  0%| F|  |TAMS 0x0000000091700000| PB 0x0000000091700000| Untracked 
| 280|0x0000000091800000, 0x0000000091800000, 0x0000000091900000|  0%| F|  |TAMS 0x0000000091800000| PB 0x0000000091800000| Untracked 
| 281|0x0000000091900000, 0x0000000091900000, 0x0000000091a00000|  0%| F|  |TAMS 0x0000000091900000| PB 0x0000000091900000| Untracked 
| 282|0x0000000091a00000, 0x0000000091b00000, 0x0000000091b00000|100%| O|  |TAMS 0x0000000091b00000| PB 0x0000000091b00000| Untracked 
| 283|0x0000000091b00000, 0x0000000091c00000, 0x0000000091c00000|100%| O|  |TAMS 0x0000000091c00000| PB 0x0000000091c00000| Untracked 
| 284|0x0000000091c00000, 0x0000000091d00000, 0x0000000091d00000|100%| O|  |TAMS 0x0000000091d00000| PB 0x0000000091d00000| Untracked 
| 285|0x0000000091d00000, 0x0000000091e00000, 0x0000000091e00000|100%| O|  |TAMS 0x0000000091e00000| PB 0x0000000091e00000| Untracked 
| 286|0x0000000091e00000, 0x0000000091f00000, 0x0000000091f00000|100%| O|  |TAMS 0x0000000091f00000| PB 0x0000000091f00000| Untracked 
| 287|0x0000000091f00000, 0x0000000092000000, 0x0000000092000000|100%| O|  |TAMS 0x0000000092000000| PB 0x0000000092000000| Untracked 
| 288|0x0000000092000000, 0x0000000092100000, 0x0000000092100000|100%| O|  |TAMS 0x0000000092100000| PB 0x0000000092100000| Untracked 
| 289|0x0000000092100000, 0x0000000092200000, 0x0000000092200000|100%| O|  |TAMS 0x0000000092200000| PB 0x0000000092200000| Untracked 
| 290|0x0000000092200000, 0x0000000092300000, 0x0000000092300000|100%| O|  |TAMS 0x0000000092300000| PB 0x0000000092300000| Untracked 
| 291|0x0000000092300000, 0x0000000092400000, 0x0000000092400000|100%| O|  |TAMS 0x0000000092400000| PB 0x0000000092400000| Untracked 
| 292|0x0000000092400000, 0x0000000092500000, 0x0000000092500000|100%| O|  |TAMS 0x0000000092500000| PB 0x0000000092500000| Updating 
| 293|0x0000000092500000, 0x0000000092600000, 0x0000000092600000|100%| O|  |TAMS 0x0000000092600000| PB 0x0000000092600000| Updating 
| 294|0x0000000092600000, 0x0000000092700000, 0x0000000092700000|100%| O|  |TAMS 0x0000000092700000| PB 0x0000000092700000| Updating 
| 295|0x0000000092700000, 0x0000000092700000, 0x0000000092800000|  0%| F|  |TAMS 0x0000000092700000| PB 0x0000000092700000| Untracked 
| 296|0x0000000092800000, 0x0000000092800000, 0x0000000092900000|  0%| F|  |TAMS 0x0000000092800000| PB 0x0000000092800000| Untracked 
| 297|0x0000000092900000, 0x0000000092900000, 0x0000000092a00000|  0%| F|  |TAMS 0x0000000092900000| PB 0x0000000092900000| Untracked 
| 298|0x0000000092a00000, 0x0000000092a00000, 0x0000000092b00000|  0%| F|  |TAMS 0x0000000092a00000| PB 0x0000000092a00000| Untracked 
| 299|0x0000000092b00000, 0x0000000092b00000, 0x0000000092c00000|  0%| F|  |TAMS 0x0000000092b00000| PB 0x0000000092b00000| Untracked 
| 300|0x0000000092c00000, 0x0000000092c00000, 0x0000000092d00000|  0%| F|  |TAMS 0x0000000092c00000| PB 0x0000000092c00000| Untracked 
| 301|0x0000000092d00000, 0x0000000092d00000, 0x0000000092e00000|  0%| F|  |TAMS 0x0000000092d00000| PB 0x0000000092d00000| Untracked 
| 302|0x0000000092e00000, 0x0000000092e00000, 0x0000000092f00000|  0%| F|  |TAMS 0x0000000092e00000| PB 0x0000000092e00000| Untracked 
| 303|0x0000000092f00000, 0x0000000092f00000, 0x0000000093000000|  0%| F|  |TAMS 0x0000000092f00000| PB 0x0000000092f00000| Untracked 
| 304|0x0000000093000000, 0x0000000093000000, 0x0000000093100000|  0%| F|  |TAMS 0x0000000093000000| PB 0x0000000093000000| Untracked 
| 305|0x0000000093100000, 0x0000000093100000, 0x0000000093200000|  0%| F|  |TAMS 0x0000000093100000| PB 0x0000000093100000| Untracked 
| 306|0x0000000093200000, 0x0000000093200000, 0x0000000093300000|  0%| F|  |TAMS 0x0000000093200000| PB 0x0000000093200000| Untracked 
| 307|0x0000000093300000, 0x0000000093300000, 0x0000000093400000|  0%| F|  |TAMS 0x0000000093300000| PB 0x0000000093300000| Untracked 
| 308|0x0000000093400000, 0x0000000093400000, 0x0000000093500000|  0%| F|  |TAMS 0x0000000093400000| PB 0x0000000093400000| Untracked 
| 309|0x0000000093500000, 0x0000000093500000, 0x0000000093600000|  0%| F|  |TAMS 0x0000000093500000| PB 0x0000000093500000| Untracked 
| 310|0x0000000093600000, 0x0000000093600000, 0x0000000093700000|  0%| F|  |TAMS 0x0000000093600000| PB 0x0000000093600000| Untracked 
| 311|0x0000000093700000, 0x0000000093700000, 0x0000000093800000|  0%| F|  |TAMS 0x0000000093700000| PB 0x0000000093700000| Untracked 
| 312|0x0000000093800000, 0x0000000093800000, 0x0000000093900000|  0%| F|  |TAMS 0x0000000093800000| PB 0x0000000093800000| Untracked 
| 313|0x0000000093900000, 0x0000000093900000, 0x0000000093a00000|  0%| F|  |TAMS 0x0000000093900000| PB 0x0000000093900000| Untracked 
| 314|0x0000000093a00000, 0x0000000093a00000, 0x0000000093b00000|  0%| F|  |TAMS 0x0000000093a00000| PB 0x0000000093a00000| Untracked 
| 315|0x0000000093b00000, 0x0000000093b00000, 0x0000000093c00000|  0%| F|  |TAMS 0x0000000093b00000| PB 0x0000000093b00000| Untracked 
| 316|0x0000000093c00000, 0x0000000093c00000, 0x0000000093d00000|  0%| F|  |TAMS 0x0000000093c00000| PB 0x0000000093c00000| Untracked 
| 317|0x0000000093d00000, 0x0000000093d00000, 0x0000000093e00000|  0%| F|  |TAMS 0x0000000093d00000| PB 0x0000000093d00000| Untracked 
| 318|0x0000000093e00000, 0x0000000093e00000, 0x0000000093f00000|  0%| F|  |TAMS 0x0000000093e00000| PB 0x0000000093e00000| Untracked 
| 319|0x0000000093f00000, 0x0000000093f00000, 0x0000000094000000|  0%| F|  |TAMS 0x0000000093f00000| PB 0x0000000093f00000| Untracked 
| 320|0x0000000094000000, 0x0000000094000000, 0x0000000094100000|  0%| F|  |TAMS 0x0000000094000000| PB 0x0000000094000000| Untracked 
| 321|0x0000000094100000, 0x0000000094100000, 0x0000000094200000|  0%| F|  |TAMS 0x0000000094100000| PB 0x0000000094100000| Untracked 
| 322|0x0000000094200000, 0x0000000094200000, 0x0000000094300000|  0%| F|  |TAMS 0x0000000094200000| PB 0x0000000094200000| Untracked 
| 323|0x0000000094300000, 0x0000000094300000, 0x0000000094400000|  0%| F|  |TAMS 0x0000000094300000| PB 0x0000000094300000| Untracked 
| 324|0x0000000094400000, 0x0000000094400000, 0x0000000094500000|  0%| F|  |TAMS 0x0000000094400000| PB 0x0000000094400000| Untracked 
| 325|0x0000000094500000, 0x0000000094500000, 0x0000000094600000|  0%| F|  |TAMS 0x0000000094500000| PB 0x0000000094500000| Untracked 
| 326|0x0000000094600000, 0x0000000094600000, 0x0000000094700000|  0%| F|  |TAMS 0x0000000094600000| PB 0x0000000094600000| Untracked 
| 327|0x0000000094700000, 0x0000000094700000, 0x0000000094800000|  0%| F|  |TAMS 0x0000000094700000| PB 0x0000000094700000| Untracked 
| 328|0x0000000094800000, 0x0000000094800000, 0x0000000094900000|  0%| F|  |TAMS 0x0000000094800000| PB 0x0000000094800000| Untracked 
| 329|0x0000000094900000, 0x0000000094900000, 0x0000000094a00000|  0%| F|  |TAMS 0x0000000094900000| PB 0x0000000094900000| Untracked 
| 330|0x0000000094a00000, 0x0000000094a00000, 0x0000000094b00000|  0%| F|  |TAMS 0x0000000094a00000| PB 0x0000000094a00000| Untracked 
| 331|0x0000000094b00000, 0x0000000094b00000, 0x0000000094c00000|  0%| F|  |TAMS 0x0000000094b00000| PB 0x0000000094b00000| Untracked 
| 332|0x0000000094c00000, 0x0000000094c00000, 0x0000000094d00000|  0%| F|  |TAMS 0x0000000094c00000| PB 0x0000000094c00000| Untracked 
| 333|0x0000000094d00000, 0x0000000094d00000, 0x0000000094e00000|  0%| F|  |TAMS 0x0000000094d00000| PB 0x0000000094d00000| Untracked 
| 334|0x0000000094e00000, 0x0000000094e00000, 0x0000000094f00000|  0%| F|  |TAMS 0x0000000094e00000| PB 0x0000000094e00000| Untracked 
| 335|0x0000000094f00000, 0x0000000094f00000, 0x0000000095000000|  0%| F|  |TAMS 0x0000000094f00000| PB 0x0000000094f00000| Untracked 
| 336|0x0000000095000000, 0x0000000095000000, 0x0000000095100000|  0%| F|  |TAMS 0x0000000095000000| PB 0x0000000095000000| Untracked 
| 337|0x0000000095100000, 0x0000000095100000, 0x0000000095200000|  0%| F|  |TAMS 0x0000000095100000| PB 0x0000000095100000| Untracked 
| 338|0x0000000095200000, 0x0000000095200000, 0x0000000095300000|  0%| F|  |TAMS 0x0000000095200000| PB 0x0000000095200000| Untracked 
| 339|0x0000000095300000, 0x0000000095300000, 0x0000000095400000|  0%| F|  |TAMS 0x0000000095300000| PB 0x0000000095300000| Untracked 
| 340|0x0000000095400000, 0x0000000095400000, 0x0000000095500000|  0%| F|  |TAMS 0x0000000095400000| PB 0x0000000095400000| Untracked 
| 341|0x0000000095500000, 0x0000000095500000, 0x0000000095600000|  0%| F|  |TAMS 0x0000000095500000| PB 0x0000000095500000| Untracked 
| 342|0x0000000095600000, 0x0000000095600000, 0x0000000095700000|  0%| F|  |TAMS 0x0000000095600000| PB 0x0000000095600000| Untracked 
| 343|0x0000000095700000, 0x0000000095700000, 0x0000000095800000|  0%| F|  |TAMS 0x0000000095700000| PB 0x0000000095700000| Untracked 
| 344|0x0000000095800000, 0x0000000095800000, 0x0000000095900000|  0%| F|  |TAMS 0x0000000095800000| PB 0x0000000095800000| Untracked 
| 345|0x0000000095900000, 0x0000000095900000, 0x0000000095a00000|  0%| F|  |TAMS 0x0000000095900000| PB 0x0000000095900000| Untracked 
| 346|0x0000000095a00000, 0x0000000095a00000, 0x0000000095b00000|  0%| F|  |TAMS 0x0000000095a00000| PB 0x0000000095a00000| Untracked 
| 347|0x0000000095b00000, 0x0000000095b00000, 0x0000000095c00000|  0%| F|  |TAMS 0x0000000095b00000| PB 0x0000000095b00000| Untracked 
| 348|0x0000000095c00000, 0x0000000095c00000, 0x0000000095d00000|  0%| F|  |TAMS 0x0000000095c00000| PB 0x0000000095c00000| Untracked 
| 349|0x0000000095d00000, 0x0000000095d00000, 0x0000000095e00000|  0%| F|  |TAMS 0x0000000095d00000| PB 0x0000000095d00000| Untracked 
| 350|0x0000000095e00000, 0x0000000095e00000, 0x0000000095f00000|  0%| F|  |TAMS 0x0000000095e00000| PB 0x0000000095e00000| Untracked 
| 351|0x0000000095f00000, 0x0000000095f00000, 0x0000000096000000|  0%| F|  |TAMS 0x0000000095f00000| PB 0x0000000095f00000| Untracked 
| 352|0x0000000096000000, 0x0000000096000000, 0x0000000096100000|  0%| F|  |TAMS 0x0000000096000000| PB 0x0000000096000000| Untracked 
| 353|0x0000000096100000, 0x0000000096100000, 0x0000000096200000|  0%| F|  |TAMS 0x0000000096100000| PB 0x0000000096100000| Untracked 
| 354|0x0000000096200000, 0x0000000096200000, 0x0000000096300000|  0%| F|  |TAMS 0x0000000096200000| PB 0x0000000096200000| Untracked 
| 355|0x0000000096300000, 0x0000000096300000, 0x0000000096400000|  0%| F|  |TAMS 0x0000000096300000| PB 0x0000000096300000| Untracked 
| 356|0x0000000096400000, 0x0000000096400000, 0x0000000096500000|  0%| F|  |TAMS 0x0000000096400000| PB 0x0000000096400000| Untracked 
| 357|0x0000000096500000, 0x0000000096500000, 0x0000000096600000|  0%| F|  |TAMS 0x0000000096500000| PB 0x0000000096500000| Untracked 
| 358|0x0000000096600000, 0x0000000096600000, 0x0000000096700000|  0%| F|  |TAMS 0x0000000096600000| PB 0x0000000096600000| Untracked 
| 359|0x0000000096700000, 0x0000000096700000, 0x0000000096800000|  0%| F|  |TAMS 0x0000000096700000| PB 0x0000000096700000| Untracked 
| 360|0x0000000096800000, 0x0000000096800000, 0x0000000096900000|  0%| F|  |TAMS 0x0000000096800000| PB 0x0000000096800000| Untracked 
| 361|0x0000000096900000, 0x0000000096900000, 0x0000000096a00000|  0%| F|  |TAMS 0x0000000096900000| PB 0x0000000096900000| Untracked 
| 362|0x0000000096a00000, 0x0000000096a00000, 0x0000000096b00000|  0%| F|  |TAMS 0x0000000096a00000| PB 0x0000000096a00000| Untracked 
| 363|0x0000000096b00000, 0x0000000096b00000, 0x0000000096c00000|  0%| F|  |TAMS 0x0000000096b00000| PB 0x0000000096b00000| Untracked 
| 364|0x0000000096c00000, 0x0000000096c00000, 0x0000000096d00000|  0%| F|  |TAMS 0x0000000096c00000| PB 0x0000000096c00000| Untracked 
| 365|0x0000000096d00000, 0x0000000096d00000, 0x0000000096e00000|  0%| F|  |TAMS 0x0000000096d00000| PB 0x0000000096d00000| Untracked 
| 366|0x0000000096e00000, 0x0000000096e00000, 0x0000000096f00000|  0%| F|  |TAMS 0x0000000096e00000| PB 0x0000000096e00000| Untracked 
| 367|0x0000000096f00000, 0x0000000096f00000, 0x0000000097000000|  0%| F|  |TAMS 0x0000000096f00000| PB 0x0000000096f00000| Untracked 
| 368|0x0000000097000000, 0x0000000097000000, 0x0000000097100000|  0%| F|  |TAMS 0x0000000097000000| PB 0x0000000097000000| Untracked 
| 369|0x0000000097100000, 0x0000000097100000, 0x0000000097200000|  0%| F|  |TAMS 0x0000000097100000| PB 0x0000000097100000| Untracked 
| 370|0x0000000097200000, 0x0000000097200000, 0x0000000097300000|  0%| F|  |TAMS 0x0000000097200000| PB 0x0000000097200000| Untracked 
| 371|0x0000000097300000, 0x0000000097300000, 0x0000000097400000|  0%| F|  |TAMS 0x0000000097300000| PB 0x0000000097300000| Untracked 
| 372|0x0000000097400000, 0x0000000097400000, 0x0000000097500000|  0%| F|  |TAMS 0x0000000097400000| PB 0x0000000097400000| Untracked 
| 373|0x0000000097500000, 0x0000000097500000, 0x0000000097600000|  0%| F|  |TAMS 0x0000000097500000| PB 0x0000000097500000| Untracked 
| 374|0x0000000097600000, 0x0000000097600000, 0x0000000097700000|  0%| F|  |TAMS 0x0000000097600000| PB 0x0000000097600000| Untracked 
| 375|0x0000000097700000, 0x0000000097700000, 0x0000000097800000|  0%| F|  |TAMS 0x0000000097700000| PB 0x0000000097700000| Untracked 
| 376|0x0000000097800000, 0x0000000097800000, 0x0000000097900000|  0%| F|  |TAMS 0x0000000097800000| PB 0x0000000097800000| Untracked 
| 377|0x0000000097900000, 0x0000000097900000, 0x0000000097a00000|  0%| F|  |TAMS 0x0000000097900000| PB 0x0000000097900000| Untracked 
| 378|0x0000000097a00000, 0x0000000097a00000, 0x0000000097b00000|  0%| F|  |TAMS 0x0000000097a00000| PB 0x0000000097a00000| Untracked 
| 379|0x0000000097b00000, 0x0000000097b00000, 0x0000000097c00000|  0%| F|  |TAMS 0x0000000097b00000| PB 0x0000000097b00000| Untracked 
| 380|0x0000000097c00000, 0x0000000097c00000, 0x0000000097d00000|  0%| F|  |TAMS 0x0000000097c00000| PB 0x0000000097c00000| Untracked 
| 381|0x0000000097d00000, 0x0000000097d00000, 0x0000000097e00000|  0%| F|  |TAMS 0x0000000097d00000| PB 0x0000000097d00000| Untracked 
| 382|0x0000000097e00000, 0x0000000097e00000, 0x0000000097f00000|  0%| F|  |TAMS 0x0000000097e00000| PB 0x0000000097e00000| Untracked 
| 383|0x0000000097f00000, 0x0000000097f00000, 0x0000000098000000|  0%| F|  |TAMS 0x0000000097f00000| PB 0x0000000097f00000| Untracked 
| 384|0x0000000098000000, 0x0000000098000000, 0x0000000098100000|  0%| F|  |TAMS 0x0000000098000000| PB 0x0000000098000000| Untracked 
| 385|0x0000000098100000, 0x0000000098100000, 0x0000000098200000|  0%| F|  |TAMS 0x0000000098100000| PB 0x0000000098100000| Untracked 
| 386|0x0000000098200000, 0x0000000098200000, 0x0000000098300000|  0%| F|  |TAMS 0x0000000098200000| PB 0x0000000098200000| Untracked 
| 387|0x0000000098300000, 0x0000000098300000, 0x0000000098400000|  0%| F|  |TAMS 0x0000000098300000| PB 0x0000000098300000| Untracked 
| 388|0x0000000098400000, 0x0000000098400000, 0x0000000098500000|  0%| F|  |TAMS 0x0000000098400000| PB 0x0000000098400000| Untracked 
| 389|0x0000000098500000, 0x0000000098500000, 0x0000000098600000|  0%| F|  |TAMS 0x0000000098500000| PB 0x0000000098500000| Untracked 
| 390|0x0000000098600000, 0x0000000098600000, 0x0000000098700000|  0%| F|  |TAMS 0x0000000098600000| PB 0x0000000098600000| Untracked 
| 391|0x0000000098700000, 0x0000000098700000, 0x0000000098800000|  0%| F|  |TAMS 0x0000000098700000| PB 0x0000000098700000| Untracked 
| 392|0x0000000098800000, 0x0000000098800000, 0x0000000098900000|  0%| F|  |TAMS 0x0000000098800000| PB 0x0000000098800000| Untracked 
| 393|0x0000000098900000, 0x0000000098900000, 0x0000000098a00000|  0%| F|  |TAMS 0x0000000098900000| PB 0x0000000098900000| Untracked 
| 394|0x0000000098a00000, 0x0000000098a00000, 0x0000000098b00000|  0%| F|  |TAMS 0x0000000098a00000| PB 0x0000000098a00000| Untracked 
| 395|0x0000000098b00000, 0x0000000098b00000, 0x0000000098c00000|  0%| F|  |TAMS 0x0000000098b00000| PB 0x0000000098b00000| Untracked 
| 396|0x0000000098c00000, 0x0000000098c00000, 0x0000000098d00000|  0%| F|  |TAMS 0x0000000098c00000| PB 0x0000000098c00000| Untracked 
| 397|0x0000000098d00000, 0x0000000098d00000, 0x0000000098e00000|  0%| F|  |TAMS 0x0000000098d00000| PB 0x0000000098d00000| Untracked 
| 398|0x0000000098e00000, 0x0000000098e00000, 0x0000000098f00000|  0%| F|  |TAMS 0x0000000098e00000| PB 0x0000000098e00000| Untracked 
| 399|0x0000000098f00000, 0x0000000098f00000, 0x0000000099000000|  0%| F|  |TAMS 0x0000000098f00000| PB 0x0000000098f00000| Untracked 
| 400|0x0000000099000000, 0x0000000099000000, 0x0000000099100000|  0%| F|  |TAMS 0x0000000099000000| PB 0x0000000099000000| Untracked 
| 401|0x0000000099100000, 0x0000000099100000, 0x0000000099200000|  0%| F|  |TAMS 0x0000000099100000| PB 0x0000000099100000| Untracked 
| 402|0x0000000099200000, 0x0000000099200000, 0x0000000099300000|  0%| F|  |TAMS 0x0000000099200000| PB 0x0000000099200000| Untracked 
| 403|0x0000000099300000, 0x0000000099300000, 0x0000000099400000|  0%| F|  |TAMS 0x0000000099300000| PB 0x0000000099300000| Untracked 
| 404|0x0000000099400000, 0x0000000099400000, 0x0000000099500000|  0%| F|  |TAMS 0x0000000099400000| PB 0x0000000099400000| Untracked 
| 405|0x0000000099500000, 0x0000000099500000, 0x0000000099600000|  0%| F|  |TAMS 0x0000000099500000| PB 0x0000000099500000| Untracked 
| 406|0x0000000099600000, 0x0000000099600000, 0x0000000099700000|  0%| F|  |TAMS 0x0000000099600000| PB 0x0000000099600000| Untracked 
| 407|0x0000000099700000, 0x0000000099700000, 0x0000000099800000|  0%| F|  |TAMS 0x0000000099700000| PB 0x0000000099700000| Untracked 
| 408|0x0000000099800000, 0x0000000099800000, 0x0000000099900000|  0%| F|  |TAMS 0x0000000099800000| PB 0x0000000099800000| Untracked 
| 409|0x0000000099900000, 0x0000000099900000, 0x0000000099a00000|  0%| F|  |TAMS 0x0000000099900000| PB 0x0000000099900000| Untracked 
| 410|0x0000000099a00000, 0x0000000099a00000, 0x0000000099b00000|  0%| F|  |TAMS 0x0000000099a00000| PB 0x0000000099a00000| Untracked 
| 411|0x0000000099b00000, 0x0000000099b00000, 0x0000000099c00000|  0%| F|  |TAMS 0x0000000099b00000| PB 0x0000000099b00000| Untracked 
| 412|0x0000000099c00000, 0x0000000099c00000, 0x0000000099d00000|  0%| F|  |TAMS 0x0000000099c00000| PB 0x0000000099c00000| Untracked 
| 413|0x0000000099d00000, 0x0000000099d00000, 0x0000000099e00000|  0%| F|  |TAMS 0x0000000099d00000| PB 0x0000000099d00000| Untracked 
| 414|0x0000000099e00000, 0x0000000099e00000, 0x0000000099f00000|  0%| F|  |TAMS 0x0000000099e00000| PB 0x0000000099e00000| Untracked 
| 415|0x0000000099f00000, 0x0000000099f00000, 0x000000009a000000|  0%| F|  |TAMS 0x0000000099f00000| PB 0x0000000099f00000| Untracked 
| 416|0x000000009a000000, 0x000000009a000000, 0x000000009a100000|  0%| F|  |TAMS 0x000000009a000000| PB 0x000000009a000000| Untracked 
| 417|0x000000009a100000, 0x000000009a100000, 0x000000009a200000|  0%| F|  |TAMS 0x000000009a100000| PB 0x000000009a100000| Untracked 
| 418|0x000000009a200000, 0x000000009a200000, 0x000000009a300000|  0%| F|  |TAMS 0x000000009a200000| PB 0x000000009a200000| Untracked 
| 419|0x000000009a300000, 0x000000009a300000, 0x000000009a400000|  0%| F|  |TAMS 0x000000009a300000| PB 0x000000009a300000| Untracked 
| 420|0x000000009a400000, 0x000000009a400000, 0x000000009a500000|  0%| F|  |TAMS 0x000000009a400000| PB 0x000000009a400000| Untracked 
| 421|0x000000009a500000, 0x000000009a500000, 0x000000009a600000|  0%| F|  |TAMS 0x000000009a500000| PB 0x000000009a500000| Untracked 
| 422|0x000000009a600000, 0x000000009a600000, 0x000000009a700000|  0%| F|  |TAMS 0x000000009a600000| PB 0x000000009a600000| Untracked 
| 423|0x000000009a700000, 0x000000009a700000, 0x000000009a800000|  0%| F|  |TAMS 0x000000009a700000| PB 0x000000009a700000| Untracked 
| 424|0x000000009a800000, 0x000000009a800000, 0x000000009a900000|  0%| F|  |TAMS 0x000000009a800000| PB 0x000000009a800000| Untracked 
| 425|0x000000009a900000, 0x000000009a900000, 0x000000009aa00000|  0%| F|  |TAMS 0x000000009a900000| PB 0x000000009a900000| Untracked 
| 426|0x000000009aa00000, 0x000000009aa00000, 0x000000009ab00000|  0%| F|  |TAMS 0x000000009aa00000| PB 0x000000009aa00000| Untracked 
| 427|0x000000009ab00000, 0x000000009ab00000, 0x000000009ac00000|  0%| F|  |TAMS 0x000000009ab00000| PB 0x000000009ab00000| Untracked 
| 428|0x000000009ac00000, 0x000000009ac00000, 0x000000009ad00000|  0%| F|  |TAMS 0x000000009ac00000| PB 0x000000009ac00000| Untracked 
| 429|0x000000009ad00000, 0x000000009ad00000, 0x000000009ae00000|  0%| F|  |TAMS 0x000000009ad00000| PB 0x000000009ad00000| Untracked 
| 430|0x000000009ae00000, 0x000000009ae00000, 0x000000009af00000|  0%| F|  |TAMS 0x000000009ae00000| PB 0x000000009ae00000| Untracked 
| 431|0x000000009af00000, 0x000000009af00000, 0x000000009b000000|  0%| F|  |TAMS 0x000000009af00000| PB 0x000000009af00000| Untracked 
| 432|0x000000009b000000, 0x000000009b000000, 0x000000009b100000|  0%| F|  |TAMS 0x000000009b000000| PB 0x000000009b000000| Untracked 
| 433|0x000000009b100000, 0x000000009b100000, 0x000000009b200000|  0%| F|  |TAMS 0x000000009b100000| PB 0x000000009b100000| Untracked 
| 434|0x000000009b200000, 0x000000009b200000, 0x000000009b300000|  0%| F|  |TAMS 0x000000009b200000| PB 0x000000009b200000| Untracked 
| 435|0x000000009b300000, 0x000000009b300000, 0x000000009b400000|  0%| F|  |TAMS 0x000000009b300000| PB 0x000000009b300000| Untracked 
| 436|0x000000009b400000, 0x000000009b400000, 0x000000009b500000|  0%| F|  |TAMS 0x000000009b400000| PB 0x000000009b400000| Untracked 
| 437|0x000000009b500000, 0x000000009b500000, 0x000000009b600000|  0%| F|  |TAMS 0x000000009b500000| PB 0x000000009b500000| Untracked 
| 438|0x000000009b600000, 0x000000009b600000, 0x000000009b700000|  0%| F|  |TAMS 0x000000009b600000| PB 0x000000009b600000| Untracked 
| 439|0x000000009b700000, 0x000000009b700000, 0x000000009b800000|  0%| F|  |TAMS 0x000000009b700000| PB 0x000000009b700000| Untracked 
| 440|0x000000009b800000, 0x000000009b800000, 0x000000009b900000|  0%| F|  |TAMS 0x000000009b800000| PB 0x000000009b800000| Untracked 
| 441|0x000000009b900000, 0x000000009b900000, 0x000000009ba00000|  0%| F|  |TAMS 0x000000009b900000| PB 0x000000009b900000| Untracked 
| 442|0x000000009ba00000, 0x000000009ba00000, 0x000000009bb00000|  0%| F|  |TAMS 0x000000009ba00000| PB 0x000000009ba00000| Untracked 
| 443|0x000000009bb00000, 0x000000009bb00000, 0x000000009bc00000|  0%| F|  |TAMS 0x000000009bb00000| PB 0x000000009bb00000| Untracked 
| 444|0x000000009bc00000, 0x000000009bc00000, 0x000000009bd00000|  0%| F|  |TAMS 0x000000009bc00000| PB 0x000000009bc00000| Untracked 
| 445|0x000000009bd00000, 0x000000009bd00000, 0x000000009be00000|  0%| F|  |TAMS 0x000000009bd00000| PB 0x000000009bd00000| Untracked 
| 446|0x000000009be00000, 0x000000009be00000, 0x000000009bf00000|  0%| F|  |TAMS 0x000000009be00000| PB 0x000000009be00000| Untracked 
| 447|0x000000009bf00000, 0x000000009bf00000, 0x000000009c000000|  0%| F|  |TAMS 0x000000009bf00000| PB 0x000000009bf00000| Untracked 
| 448|0x000000009c000000, 0x000000009c000000, 0x000000009c100000|  0%| F|  |TAMS 0x000000009c000000| PB 0x000000009c000000| Untracked 
| 449|0x000000009c100000, 0x000000009c100000, 0x000000009c200000|  0%| F|  |TAMS 0x000000009c100000| PB 0x000000009c100000| Untracked 
| 450|0x000000009c200000, 0x000000009c200000, 0x000000009c300000|  0%| F|  |TAMS 0x000000009c200000| PB 0x000000009c200000| Untracked 
| 451|0x000000009c300000, 0x000000009c300000, 0x000000009c400000|  0%| F|  |TAMS 0x000000009c300000| PB 0x000000009c300000| Untracked 
| 452|0x000000009c400000, 0x000000009c400000, 0x000000009c500000|  0%| F|  |TAMS 0x000000009c400000| PB 0x000000009c400000| Untracked 
| 453|0x000000009c500000, 0x000000009c500000, 0x000000009c600000|  0%| F|  |TAMS 0x000000009c500000| PB 0x000000009c500000| Untracked 
| 454|0x000000009c600000, 0x000000009c600000, 0x000000009c700000|  0%| F|  |TAMS 0x000000009c600000| PB 0x000000009c600000| Untracked 
| 455|0x000000009c700000, 0x000000009c700000, 0x000000009c800000|  0%| F|  |TAMS 0x000000009c700000| PB 0x000000009c700000| Untracked 
| 456|0x000000009c800000, 0x000000009c800000, 0x000000009c900000|  0%| F|  |TAMS 0x000000009c800000| PB 0x000000009c800000| Untracked 
| 457|0x000000009c900000, 0x000000009c900000, 0x000000009ca00000|  0%| F|  |TAMS 0x000000009c900000| PB 0x000000009c900000| Untracked 
| 458|0x000000009ca00000, 0x000000009ca00000, 0x000000009cb00000|  0%| F|  |TAMS 0x000000009ca00000| PB 0x000000009ca00000| Untracked 
| 459|0x000000009cb00000, 0x000000009cb00000, 0x000000009cc00000|  0%| F|  |TAMS 0x000000009cb00000| PB 0x000000009cb00000| Untracked 
| 460|0x000000009cc00000, 0x000000009cc00000, 0x000000009cd00000|  0%| F|  |TAMS 0x000000009cc00000| PB 0x000000009cc00000| Untracked 
| 461|0x000000009cd00000, 0x000000009cd00000, 0x000000009ce00000|  0%| F|  |TAMS 0x000000009cd00000| PB 0x000000009cd00000| Untracked 
| 462|0x000000009ce00000, 0x000000009ce00000, 0x000000009cf00000|  0%| F|  |TAMS 0x000000009ce00000| PB 0x000000009ce00000| Untracked 
| 463|0x000000009cf00000, 0x000000009cf00000, 0x000000009d000000|  0%| F|  |TAMS 0x000000009cf00000| PB 0x000000009cf00000| Untracked 
| 464|0x000000009d000000, 0x000000009d000000, 0x000000009d100000|  0%| F|  |TAMS 0x000000009d000000| PB 0x000000009d000000| Untracked 
| 465|0x000000009d100000, 0x000000009d100000, 0x000000009d200000|  0%| F|  |TAMS 0x000000009d100000| PB 0x000000009d100000| Untracked 
| 466|0x000000009d200000, 0x000000009d200000, 0x000000009d300000|  0%| F|  |TAMS 0x000000009d200000| PB 0x000000009d200000| Untracked 
| 467|0x000000009d300000, 0x000000009d300000, 0x000000009d400000|  0%| F|  |TAMS 0x000000009d300000| PB 0x000000009d300000| Untracked 
| 468|0x000000009d400000, 0x000000009d400000, 0x000000009d500000|  0%| F|  |TAMS 0x000000009d400000| PB 0x000000009d400000| Untracked 
| 469|0x000000009d500000, 0x000000009d500000, 0x000000009d600000|  0%| F|  |TAMS 0x000000009d500000| PB 0x000000009d500000| Untracked 
| 470|0x000000009d600000, 0x000000009d600000, 0x000000009d700000|  0%| F|  |TAMS 0x000000009d600000| PB 0x000000009d600000| Untracked 
| 471|0x000000009d700000, 0x000000009d700000, 0x000000009d800000|  0%| F|  |TAMS 0x000000009d700000| PB 0x000000009d700000| Untracked 
| 472|0x000000009d800000, 0x000000009d800000, 0x000000009d900000|  0%| F|  |TAMS 0x000000009d800000| PB 0x000000009d800000| Untracked 
| 473|0x000000009d900000, 0x000000009d900000, 0x000000009da00000|  0%| F|  |TAMS 0x000000009d900000| PB 0x000000009d900000| Untracked 
| 474|0x000000009da00000, 0x000000009da00000, 0x000000009db00000|  0%| F|  |TAMS 0x000000009da00000| PB 0x000000009da00000| Untracked 
| 475|0x000000009db00000, 0x000000009db00000, 0x000000009dc00000|  0%| F|  |TAMS 0x000000009db00000| PB 0x000000009db00000| Untracked 
| 476|0x000000009dc00000, 0x000000009dc00000, 0x000000009dd00000|  0%| F|  |TAMS 0x000000009dc00000| PB 0x000000009dc00000| Untracked 
| 477|0x000000009dd00000, 0x000000009dd00000, 0x000000009de00000|  0%| F|  |TAMS 0x000000009dd00000| PB 0x000000009dd00000| Untracked 
| 478|0x000000009de00000, 0x000000009de00000, 0x000000009df00000|  0%| F|  |TAMS 0x000000009de00000| PB 0x000000009de00000| Untracked 
| 479|0x000000009df00000, 0x000000009df00000, 0x000000009e000000|  0%| F|  |TAMS 0x000000009df00000| PB 0x000000009df00000| Untracked 
| 480|0x000000009e000000, 0x000000009e000000, 0x000000009e100000|  0%| F|  |TAMS 0x000000009e000000| PB 0x000000009e000000| Untracked 
| 481|0x000000009e100000, 0x000000009e100000, 0x000000009e200000|  0%| F|  |TAMS 0x000000009e100000| PB 0x000000009e100000| Untracked 
| 482|0x000000009e200000, 0x000000009e200000, 0x000000009e300000|  0%| F|  |TAMS 0x000000009e200000| PB 0x000000009e200000| Untracked 
| 483|0x000000009e300000, 0x000000009e300000, 0x000000009e400000|  0%| F|  |TAMS 0x000000009e300000| PB 0x000000009e300000| Untracked 
| 484|0x000000009e400000, 0x000000009e400000, 0x000000009e500000|  0%| F|  |TAMS 0x000000009e400000| PB 0x000000009e400000| Untracked 
| 485|0x000000009e500000, 0x000000009e500000, 0x000000009e600000|  0%| F|  |TAMS 0x000000009e500000| PB 0x000000009e500000| Untracked 
| 486|0x000000009e600000, 0x000000009e600000, 0x000000009e700000|  0%| F|  |TAMS 0x000000009e600000| PB 0x000000009e600000| Untracked 
| 487|0x000000009e700000, 0x000000009e700000, 0x000000009e800000|  0%| F|  |TAMS 0x000000009e700000| PB 0x000000009e700000| Untracked 
| 488|0x000000009e800000, 0x000000009e800000, 0x000000009e900000|  0%| F|  |TAMS 0x000000009e800000| PB 0x000000009e800000| Untracked 
| 489|0x000000009e900000, 0x000000009e900000, 0x000000009ea00000|  0%| F|  |TAMS 0x000000009e900000| PB 0x000000009e900000| Untracked 
| 490|0x000000009ea00000, 0x000000009ea00000, 0x000000009eb00000|  0%| F|  |TAMS 0x000000009ea00000| PB 0x000000009ea00000| Untracked 
| 491|0x000000009eb00000, 0x000000009eb00000, 0x000000009ec00000|  0%| F|  |TAMS 0x000000009eb00000| PB 0x000000009eb00000| Untracked 
| 492|0x000000009ec00000, 0x000000009ec00000, 0x000000009ed00000|  0%| F|  |TAMS 0x000000009ec00000| PB 0x000000009ec00000| Untracked 
| 493|0x000000009ed00000, 0x000000009ed00000, 0x000000009ee00000|  0%| F|  |TAMS 0x000000009ed00000| PB 0x000000009ed00000| Untracked 
| 494|0x000000009ee00000, 0x000000009ee00000, 0x000000009ef00000|  0%| F|  |TAMS 0x000000009ee00000| PB 0x000000009ee00000| Untracked 
| 495|0x000000009ef00000, 0x000000009ef00000, 0x000000009f000000|  0%| F|  |TAMS 0x000000009ef00000| PB 0x000000009ef00000| Untracked 
| 496|0x000000009f000000, 0x000000009f000000, 0x000000009f100000|  0%| F|  |TAMS 0x000000009f000000| PB 0x000000009f000000| Untracked 
| 497|0x000000009f100000, 0x000000009f100000, 0x000000009f200000|  0%| F|  |TAMS 0x000000009f100000| PB 0x000000009f100000| Untracked 
| 498|0x000000009f200000, 0x000000009f200000, 0x000000009f300000|  0%| F|  |TAMS 0x000000009f200000| PB 0x000000009f200000| Untracked 
| 499|0x000000009f300000, 0x000000009f300000, 0x000000009f400000|  0%| F|  |TAMS 0x000000009f300000| PB 0x000000009f300000| Untracked 
| 500|0x000000009f400000, 0x000000009f400000, 0x000000009f500000|  0%| F|  |TAMS 0x000000009f400000| PB 0x000000009f400000| Untracked 
| 501|0x000000009f500000, 0x000000009f500000, 0x000000009f600000|  0%| F|  |TAMS 0x000000009f500000| PB 0x000000009f500000| Untracked 
| 502|0x000000009f600000, 0x000000009f600000, 0x000000009f700000|  0%| F|  |TAMS 0x000000009f600000| PB 0x000000009f600000| Untracked 
| 503|0x000000009f700000, 0x000000009f700000, 0x000000009f800000|  0%| F|  |TAMS 0x000000009f700000| PB 0x000000009f700000| Untracked 
| 504|0x000000009f800000, 0x000000009f800000, 0x000000009f900000|  0%| F|  |TAMS 0x000000009f800000| PB 0x000000009f800000| Untracked 
| 505|0x000000009f900000, 0x000000009f900000, 0x000000009fa00000|  0%| F|  |TAMS 0x000000009f900000| PB 0x000000009f900000| Untracked 
| 506|0x000000009fa00000, 0x000000009fa00000, 0x000000009fb00000|  0%| F|  |TAMS 0x000000009fa00000| PB 0x000000009fa00000| Untracked 
| 507|0x000000009fb00000, 0x000000009fb00000, 0x000000009fc00000|  0%| F|  |TAMS 0x000000009fb00000| PB 0x000000009fb00000| Untracked 
| 508|0x000000009fc00000, 0x000000009fc00000, 0x000000009fd00000|  0%| F|  |TAMS 0x000000009fc00000| PB 0x000000009fc00000| Untracked 
| 509|0x000000009fd00000, 0x000000009fd00000, 0x000000009fe00000|  0%| F|  |TAMS 0x000000009fd00000| PB 0x000000009fd00000| Untracked 
| 510|0x000000009fe00000, 0x000000009fe00000, 0x000000009ff00000|  0%| F|  |TAMS 0x000000009fe00000| PB 0x000000009fe00000| Untracked 
| 511|0x000000009ff00000, 0x000000009ff00000, 0x00000000a0000000|  0%| F|  |TAMS 0x000000009ff00000| PB 0x000000009ff00000| Untracked 
| 512|0x00000000a0000000, 0x00000000a0000000, 0x00000000a0100000|  0%| F|  |TAMS 0x00000000a0000000| PB 0x00000000a0000000| Untracked 
| 513|0x00000000a0100000, 0x00000000a0100000, 0x00000000a0200000|  0%| F|  |TAMS 0x00000000a0100000| PB 0x00000000a0100000| Untracked 
| 514|0x00000000a0200000, 0x00000000a0200000, 0x00000000a0300000|  0%| F|  |TAMS 0x00000000a0200000| PB 0x00000000a0200000| Untracked 
| 515|0x00000000a0300000, 0x00000000a0300000, 0x00000000a0400000|  0%| F|  |TAMS 0x00000000a0300000| PB 0x00000000a0300000| Untracked 
| 516|0x00000000a0400000, 0x00000000a0400000, 0x00000000a0500000|  0%| F|  |TAMS 0x00000000a0400000| PB 0x00000000a0400000| Untracked 
| 517|0x00000000a0500000, 0x00000000a0500000, 0x00000000a0600000|  0%| F|  |TAMS 0x00000000a0500000| PB 0x00000000a0500000| Untracked 
| 518|0x00000000a0600000, 0x00000000a0600000, 0x00000000a0700000|  0%| F|  |TAMS 0x00000000a0600000| PB 0x00000000a0600000| Untracked 
| 519|0x00000000a0700000, 0x00000000a0700000, 0x00000000a0800000|  0%| F|  |TAMS 0x00000000a0700000| PB 0x00000000a0700000| Untracked 
| 520|0x00000000a0800000, 0x00000000a0800000, 0x00000000a0900000|  0%| F|  |TAMS 0x00000000a0800000| PB 0x00000000a0800000| Untracked 
| 521|0x00000000a0900000, 0x00000000a0900000, 0x00000000a0a00000|  0%| F|  |TAMS 0x00000000a0900000| PB 0x00000000a0900000| Untracked 
| 522|0x00000000a0a00000, 0x00000000a0a00000, 0x00000000a0b00000|  0%| F|  |TAMS 0x00000000a0a00000| PB 0x00000000a0a00000| Untracked 
| 523|0x00000000a0b00000, 0x00000000a0b00000, 0x00000000a0c00000|  0%| F|  |TAMS 0x00000000a0b00000| PB 0x00000000a0b00000| Untracked 
| 524|0x00000000a0c00000, 0x00000000a0c00000, 0x00000000a0d00000|  0%| F|  |TAMS 0x00000000a0c00000| PB 0x00000000a0c00000| Untracked 
| 525|0x00000000a0d00000, 0x00000000a0d00000, 0x00000000a0e00000|  0%| F|  |TAMS 0x00000000a0d00000| PB 0x00000000a0d00000| Untracked 
| 526|0x00000000a0e00000, 0x00000000a0e00000, 0x00000000a0f00000|  0%| F|  |TAMS 0x00000000a0e00000| PB 0x00000000a0e00000| Untracked 
| 527|0x00000000a0f00000, 0x00000000a0f00000, 0x00000000a1000000|  0%| F|  |TAMS 0x00000000a0f00000| PB 0x00000000a0f00000| Untracked 
| 528|0x00000000a1000000, 0x00000000a1000000, 0x00000000a1100000|  0%| F|  |TAMS 0x00000000a1000000| PB 0x00000000a1000000| Untracked 
| 529|0x00000000a1100000, 0x00000000a1100000, 0x00000000a1200000|  0%| F|  |TAMS 0x00000000a1100000| PB 0x00000000a1100000| Untracked 
| 530|0x00000000a1200000, 0x00000000a1200000, 0x00000000a1300000|  0%| F|  |TAMS 0x00000000a1200000| PB 0x00000000a1200000| Untracked 
| 531|0x00000000a1300000, 0x00000000a1300000, 0x00000000a1400000|  0%| F|  |TAMS 0x00000000a1300000| PB 0x00000000a1300000| Untracked 
| 532|0x00000000a1400000, 0x00000000a1400000, 0x00000000a1500000|  0%| F|  |TAMS 0x00000000a1400000| PB 0x00000000a1400000| Untracked 
| 533|0x00000000a1500000, 0x00000000a1500000, 0x00000000a1600000|  0%| F|  |TAMS 0x00000000a1500000| PB 0x00000000a1500000| Untracked 
| 534|0x00000000a1600000, 0x00000000a1600000, 0x00000000a1700000|  0%| F|  |TAMS 0x00000000a1600000| PB 0x00000000a1600000| Untracked 
| 535|0x00000000a1700000, 0x00000000a1700000, 0x00000000a1800000|  0%| F|  |TAMS 0x00000000a1700000| PB 0x00000000a1700000| Untracked 
| 536|0x00000000a1800000, 0x00000000a1800000, 0x00000000a1900000|  0%| F|  |TAMS 0x00000000a1800000| PB 0x00000000a1800000| Untracked 
| 537|0x00000000a1900000, 0x00000000a1900000, 0x00000000a1a00000|  0%| F|  |TAMS 0x00000000a1900000| PB 0x00000000a1900000| Untracked 
| 538|0x00000000a1a00000, 0x00000000a1a00000, 0x00000000a1b00000|  0%| F|  |TAMS 0x00000000a1a00000| PB 0x00000000a1a00000| Untracked 
| 539|0x00000000a1b00000, 0x00000000a1b00000, 0x00000000a1c00000|  0%| F|  |TAMS 0x00000000a1b00000| PB 0x00000000a1b00000| Untracked 
| 540|0x00000000a1c00000, 0x00000000a1c00000, 0x00000000a1d00000|  0%| F|  |TAMS 0x00000000a1c00000| PB 0x00000000a1c00000| Untracked 
| 541|0x00000000a1d00000, 0x00000000a1d00000, 0x00000000a1e00000|  0%| F|  |TAMS 0x00000000a1d00000| PB 0x00000000a1d00000| Untracked 
| 542|0x00000000a1e00000, 0x00000000a1e00000, 0x00000000a1f00000|  0%| F|  |TAMS 0x00000000a1e00000| PB 0x00000000a1e00000| Untracked 
| 543|0x00000000a1f00000, 0x00000000a1f00000, 0x00000000a2000000|  0%| F|  |TAMS 0x00000000a1f00000| PB 0x00000000a1f00000| Untracked 
| 544|0x00000000a2000000, 0x00000000a2000000, 0x00000000a2100000|  0%| F|  |TAMS 0x00000000a2000000| PB 0x00000000a2000000| Untracked 
| 545|0x00000000a2100000, 0x00000000a2100000, 0x00000000a2200000|  0%| F|  |TAMS 0x00000000a2100000| PB 0x00000000a2100000| Untracked 
| 546|0x00000000a2200000, 0x00000000a2200000, 0x00000000a2300000|  0%| F|  |TAMS 0x00000000a2200000| PB 0x00000000a2200000| Untracked 
| 547|0x00000000a2300000, 0x00000000a2300000, 0x00000000a2400000|  0%| F|  |TAMS 0x00000000a2300000| PB 0x00000000a2300000| Untracked 
| 548|0x00000000a2400000, 0x00000000a2400000, 0x00000000a2500000|  0%| F|  |TAMS 0x00000000a2400000| PB 0x00000000a2400000| Untracked 
| 549|0x00000000a2500000, 0x00000000a2500000, 0x00000000a2600000|  0%| F|  |TAMS 0x00000000a2500000| PB 0x00000000a2500000| Untracked 
| 550|0x00000000a2600000, 0x00000000a2644228, 0x00000000a2700000| 26%| S|CS|TAMS 0x00000000a2600000| PB 0x00000000a2600000| Complete 
| 551|0x00000000a2700000, 0x00000000a2800000, 0x00000000a2800000|100%| S|CS|TAMS 0x00000000a2700000| PB 0x00000000a2700000| Complete 
| 552|0x00000000a2800000, 0x00000000a2900000, 0x00000000a2900000|100%| S|CS|TAMS 0x00000000a2800000| PB 0x00000000a2800000| Complete 
| 553|0x00000000a2900000, 0x00000000a2a00000, 0x00000000a2a00000|100%| S|CS|TAMS 0x00000000a2900000| PB 0x00000000a2900000| Complete 
| 554|0x00000000a2a00000, 0x00000000a2b00000, 0x00000000a2b00000|100%| S|CS|TAMS 0x00000000a2a00000| PB 0x00000000a2a00000| Complete 
| 555|0x00000000a2b00000, 0x00000000a2c00000, 0x00000000a2c00000|100%| S|CS|TAMS 0x00000000a2b00000| PB 0x00000000a2b00000| Complete 
| 556|0x00000000a2c00000, 0x00000000a2d00000, 0x00000000a2d00000|100%| S|CS|TAMS 0x00000000a2c00000| PB 0x00000000a2c00000| Complete 
| 557|0x00000000a2d00000, 0x00000000a2e00000, 0x00000000a2e00000|100%| S|CS|TAMS 0x00000000a2d00000| PB 0x00000000a2d00000| Complete 
| 558|0x00000000a2e00000, 0x00000000a2f00000, 0x00000000a2f00000|100%| S|CS|TAMS 0x00000000a2e00000| PB 0x00000000a2e00000| Complete 
| 559|0x00000000a2f00000, 0x00000000a3000000, 0x00000000a3000000|100%| S|CS|TAMS 0x00000000a2f00000| PB 0x00000000a2f00000| Complete 
| 560|0x00000000a3000000, 0x00000000a3000000, 0x00000000a3100000|  0%| F|  |TAMS 0x00000000a3000000| PB 0x00000000a3000000| Untracked 
| 561|0x00000000a3100000, 0x00000000a3100000, 0x00000000a3200000|  0%| F|  |TAMS 0x00000000a3100000| PB 0x00000000a3100000| Untracked 
| 562|0x00000000a3200000, 0x00000000a3200000, 0x00000000a3300000|  0%| F|  |TAMS 0x00000000a3200000| PB 0x00000000a3200000| Untracked 
| 563|0x00000000a3300000, 0x00000000a3300000, 0x00000000a3400000|  0%| F|  |TAMS 0x00000000a3300000| PB 0x00000000a3300000| Untracked 
| 564|0x00000000a3400000, 0x00000000a3400000, 0x00000000a3500000|  0%| F|  |TAMS 0x00000000a3400000| PB 0x00000000a3400000| Untracked 
| 565|0x00000000a3500000, 0x00000000a3500000, 0x00000000a3600000|  0%| F|  |TAMS 0x00000000a3500000| PB 0x00000000a3500000| Untracked 
| 566|0x00000000a3600000, 0x00000000a3600000, 0x00000000a3700000|  0%| F|  |TAMS 0x00000000a3600000| PB 0x00000000a3600000| Untracked 
| 567|0x00000000a3700000, 0x00000000a3700000, 0x00000000a3800000|  0%| F|  |TAMS 0x00000000a3700000| PB 0x00000000a3700000| Untracked 
| 568|0x00000000a3800000, 0x00000000a3800000, 0x00000000a3900000|  0%| F|  |TAMS 0x00000000a3800000| PB 0x00000000a3800000| Untracked 
| 569|0x00000000a3900000, 0x00000000a3900000, 0x00000000a3a00000|  0%| F|  |TAMS 0x00000000a3900000| PB 0x00000000a3900000| Untracked 
| 570|0x00000000a3a00000, 0x00000000a3a00000, 0x00000000a3b00000|  0%| F|  |TAMS 0x00000000a3a00000| PB 0x00000000a3a00000| Untracked 
| 571|0x00000000a3b00000, 0x00000000a3b00000, 0x00000000a3c00000|  0%| F|  |TAMS 0x00000000a3b00000| PB 0x00000000a3b00000| Untracked 
| 572|0x00000000a3c00000, 0x00000000a3c00000, 0x00000000a3d00000|  0%| F|  |TAMS 0x00000000a3c00000| PB 0x00000000a3c00000| Untracked 
| 573|0x00000000a3d00000, 0x00000000a3d00000, 0x00000000a3e00000|  0%| F|  |TAMS 0x00000000a3d00000| PB 0x00000000a3d00000| Untracked 
| 574|0x00000000a3e00000, 0x00000000a3e00000, 0x00000000a3f00000|  0%| F|  |TAMS 0x00000000a3e00000| PB 0x00000000a3e00000| Untracked 
| 575|0x00000000a3f00000, 0x00000000a3f00000, 0x00000000a4000000|  0%| F|  |TAMS 0x00000000a3f00000| PB 0x00000000a3f00000| Untracked 
| 576|0x00000000a4000000, 0x00000000a4000000, 0x00000000a4100000|  0%| F|  |TAMS 0x00000000a4000000| PB 0x00000000a4000000| Untracked 
| 577|0x00000000a4100000, 0x00000000a4100000, 0x00000000a4200000|  0%| F|  |TAMS 0x00000000a4100000| PB 0x00000000a4100000| Untracked 
| 578|0x00000000a4200000, 0x00000000a4200000, 0x00000000a4300000|  0%| F|  |TAMS 0x00000000a4200000| PB 0x00000000a4200000| Untracked 
| 579|0x00000000a4300000, 0x00000000a4300000, 0x00000000a4400000|  0%| F|  |TAMS 0x00000000a4300000| PB 0x00000000a4300000| Untracked 
| 580|0x00000000a4400000, 0x00000000a4400000, 0x00000000a4500000|  0%| F|  |TAMS 0x00000000a4400000| PB 0x00000000a4400000| Untracked 
| 581|0x00000000a4500000, 0x00000000a4500000, 0x00000000a4600000|  0%| F|  |TAMS 0x00000000a4500000| PB 0x00000000a4500000| Untracked 
| 582|0x00000000a4600000, 0x00000000a4600000, 0x00000000a4700000|  0%| F|  |TAMS 0x00000000a4600000| PB 0x00000000a4600000| Untracked 
| 583|0x00000000a4700000, 0x00000000a4700000, 0x00000000a4800000|  0%| F|  |TAMS 0x00000000a4700000| PB 0x00000000a4700000| Untracked 
| 584|0x00000000a4800000, 0x00000000a4800000, 0x00000000a4900000|  0%| F|  |TAMS 0x00000000a4800000| PB 0x00000000a4800000| Untracked 
| 585|0x00000000a4900000, 0x00000000a4900000, 0x00000000a4a00000|  0%| F|  |TAMS 0x00000000a4900000| PB 0x00000000a4900000| Untracked 
| 586|0x00000000a4a00000, 0x00000000a4a00000, 0x00000000a4b00000|  0%| F|  |TAMS 0x00000000a4a00000| PB 0x00000000a4a00000| Untracked 
| 587|0x00000000a4b00000, 0x00000000a4b00000, 0x00000000a4c00000|  0%| F|  |TAMS 0x00000000a4b00000| PB 0x00000000a4b00000| Untracked 
| 588|0x00000000a4c00000, 0x00000000a4c00000, 0x00000000a4d00000|  0%| F|  |TAMS 0x00000000a4c00000| PB 0x00000000a4c00000| Untracked 
| 589|0x00000000a4d00000, 0x00000000a4d00000, 0x00000000a4e00000|  0%| F|  |TAMS 0x00000000a4d00000| PB 0x00000000a4d00000| Untracked 
| 590|0x00000000a4e00000, 0x00000000a4e00000, 0x00000000a4f00000|  0%| F|  |TAMS 0x00000000a4e00000| PB 0x00000000a4e00000| Untracked 
| 591|0x00000000a4f00000, 0x00000000a4f00000, 0x00000000a5000000|  0%| F|  |TAMS 0x00000000a4f00000| PB 0x00000000a4f00000| Untracked 
| 592|0x00000000a5000000, 0x00000000a5000000, 0x00000000a5100000|  0%| F|  |TAMS 0x00000000a5000000| PB 0x00000000a5000000| Untracked 
| 593|0x00000000a5100000, 0x00000000a5100000, 0x00000000a5200000|  0%| F|  |TAMS 0x00000000a5100000| PB 0x00000000a5100000| Untracked 
| 594|0x00000000a5200000, 0x00000000a5200000, 0x00000000a5300000|  0%| F|  |TAMS 0x00000000a5200000| PB 0x00000000a5200000| Untracked 
| 595|0x00000000a5300000, 0x00000000a5300000, 0x00000000a5400000|  0%| F|  |TAMS 0x00000000a5300000| PB 0x00000000a5300000| Untracked 
| 596|0x00000000a5400000, 0x00000000a5400000, 0x00000000a5500000|  0%| F|  |TAMS 0x00000000a5400000| PB 0x00000000a5400000| Untracked 
| 597|0x00000000a5500000, 0x00000000a5500000, 0x00000000a5600000|  0%| F|  |TAMS 0x00000000a5500000| PB 0x00000000a5500000| Untracked 
| 598|0x00000000a5600000, 0x00000000a5600000, 0x00000000a5700000|  0%| F|  |TAMS 0x00000000a5600000| PB 0x00000000a5600000| Untracked 
| 599|0x00000000a5700000, 0x00000000a5700000, 0x00000000a5800000|  0%| F|  |TAMS 0x00000000a5700000| PB 0x00000000a5700000| Untracked 
| 600|0x00000000a5800000, 0x00000000a5800000, 0x00000000a5900000|  0%| F|  |TAMS 0x00000000a5800000| PB 0x00000000a5800000| Untracked 
| 601|0x00000000a5900000, 0x00000000a5900000, 0x00000000a5a00000|  0%| F|  |TAMS 0x00000000a5900000| PB 0x00000000a5900000| Untracked 
| 602|0x00000000a5a00000, 0x00000000a5a00000, 0x00000000a5b00000|  0%| F|  |TAMS 0x00000000a5a00000| PB 0x00000000a5a00000| Untracked 
| 603|0x00000000a5b00000, 0x00000000a5b00000, 0x00000000a5c00000|  0%| F|  |TAMS 0x00000000a5b00000| PB 0x00000000a5b00000| Untracked 
| 604|0x00000000a5c00000, 0x00000000a5c00000, 0x00000000a5d00000|  0%| F|  |TAMS 0x00000000a5c00000| PB 0x00000000a5c00000| Untracked 
| 605|0x00000000a5d00000, 0x00000000a5d00000, 0x00000000a5e00000|  0%| F|  |TAMS 0x00000000a5d00000| PB 0x00000000a5d00000| Untracked 
| 606|0x00000000a5e00000, 0x00000000a5e00000, 0x00000000a5f00000|  0%| F|  |TAMS 0x00000000a5e00000| PB 0x00000000a5e00000| Untracked 
| 607|0x00000000a5f00000, 0x00000000a5f00000, 0x00000000a6000000|  0%| F|  |TAMS 0x00000000a5f00000| PB 0x00000000a5f00000| Untracked 
| 608|0x00000000a6000000, 0x00000000a6000000, 0x00000000a6100000|  0%| F|  |TAMS 0x00000000a6000000| PB 0x00000000a6000000| Untracked 
| 609|0x00000000a6100000, 0x00000000a6100000, 0x00000000a6200000|  0%| F|  |TAMS 0x00000000a6100000| PB 0x00000000a6100000| Untracked 
| 610|0x00000000a6200000, 0x00000000a6200000, 0x00000000a6300000|  0%| F|  |TAMS 0x00000000a6200000| PB 0x00000000a6200000| Untracked 
| 611|0x00000000a6300000, 0x00000000a6300000, 0x00000000a6400000|  0%| F|  |TAMS 0x00000000a6300000| PB 0x00000000a6300000| Untracked 
| 612|0x00000000a6400000, 0x00000000a6400000, 0x00000000a6500000|  0%| F|  |TAMS 0x00000000a6400000| PB 0x00000000a6400000| Untracked 
| 613|0x00000000a6500000, 0x00000000a6500000, 0x00000000a6600000|  0%| F|  |TAMS 0x00000000a6500000| PB 0x00000000a6500000| Untracked 
| 614|0x00000000a6600000, 0x00000000a6600000, 0x00000000a6700000|  0%| F|  |TAMS 0x00000000a6600000| PB 0x00000000a6600000| Untracked 
| 615|0x00000000a6700000, 0x00000000a6700000, 0x00000000a6800000|  0%| F|  |TAMS 0x00000000a6700000| PB 0x00000000a6700000| Untracked 
| 616|0x00000000a6800000, 0x00000000a6800000, 0x00000000a6900000|  0%| F|  |TAMS 0x00000000a6800000| PB 0x00000000a6800000| Untracked 
| 617|0x00000000a6900000, 0x00000000a6900000, 0x00000000a6a00000|  0%| F|  |TAMS 0x00000000a6900000| PB 0x00000000a6900000| Untracked 
| 618|0x00000000a6a00000, 0x00000000a6a00000, 0x00000000a6b00000|  0%| F|  |TAMS 0x00000000a6a00000| PB 0x00000000a6a00000| Untracked 
| 619|0x00000000a6b00000, 0x00000000a6b00000, 0x00000000a6c00000|  0%| F|  |TAMS 0x00000000a6b00000| PB 0x00000000a6b00000| Untracked 
| 620|0x00000000a6c00000, 0x00000000a6c00000, 0x00000000a6d00000|  0%| F|  |TAMS 0x00000000a6c00000| PB 0x00000000a6c00000| Untracked 
| 621|0x00000000a6d00000, 0x00000000a6d00000, 0x00000000a6e00000|  0%| F|  |TAMS 0x00000000a6d00000| PB 0x00000000a6d00000| Untracked 
| 622|0x00000000a6e00000, 0x00000000a6e00000, 0x00000000a6f00000|  0%| F|  |TAMS 0x00000000a6e00000| PB 0x00000000a6e00000| Untracked 
| 623|0x00000000a6f00000, 0x00000000a6f00000, 0x00000000a7000000|  0%| F|  |TAMS 0x00000000a6f00000| PB 0x00000000a6f00000| Untracked 
| 624|0x00000000a7000000, 0x00000000a7000000, 0x00000000a7100000|  0%| F|  |TAMS 0x00000000a7000000| PB 0x00000000a7000000| Untracked 
| 625|0x00000000a7100000, 0x00000000a7100000, 0x00000000a7200000|  0%| F|  |TAMS 0x00000000a7100000| PB 0x00000000a7100000| Untracked 
|2013|0x00000000fdd00000, 0x00000000fde00000, 0x00000000fde00000|100%| O|  |TAMS 0x00000000fde00000| PB 0x00000000fdd00000| Updating 
|2014|0x00000000fde00000, 0x00000000fdf00000, 0x00000000fdf00000|100%| O|  |TAMS 0x00000000fdf00000| PB 0x00000000fde00000| Updating 
|2015|0x00000000fdf00000, 0x00000000fdf00000, 0x00000000fe000000|  0%| F|  |TAMS 0x00000000fdf00000| PB 0x00000000fdf00000| Untracked 
|2016|0x00000000fe000000, 0x00000000fe000000, 0x00000000fe100000|  0%| F|  |TAMS 0x00000000fe000000| PB 0x00000000fe000000| Untracked 
|2017|0x00000000fe100000, 0x00000000fe200000, 0x00000000fe200000|100%| O|  |TAMS 0x00000000fe200000| PB 0x00000000fe100000| Updating 
|2018|0x00000000fe200000, 0x00000000fe300000, 0x00000000fe300000|100%| O|  |TAMS 0x00000000fe300000| PB 0x00000000fe200000| Untracked 
|2019|0x00000000fe300000, 0x00000000fe300000, 0x00000000fe400000|  0%| F|  |TAMS 0x00000000fe300000| PB 0x00000000fe300000| Untracked 
|2020|0x00000000fe400000, 0x00000000fe400000, 0x00000000fe500000|  0%| F|  |TAMS 0x00000000fe400000| PB 0x00000000fe400000| Untracked 
|2021|0x00000000fe500000, 0x00000000fe500000, 0x00000000fe600000|  0%| F|  |TAMS 0x00000000fe500000| PB 0x00000000fe500000| Untracked 
|2022|0x00000000fe600000, 0x00000000fe600000, 0x00000000fe700000|  0%| F|  |TAMS 0x00000000fe600000| PB 0x00000000fe600000| Untracked 
|2023|0x00000000fe700000, 0x00000000fe700000, 0x00000000fe800000|  0%| F|  |TAMS 0x00000000fe700000| PB 0x00000000fe700000| Untracked 
|2024|0x00000000fe800000, 0x00000000fe800000, 0x00000000fe900000|  0%| F|  |TAMS 0x00000000fe800000| PB 0x00000000fe800000| Untracked 
|2025|0x00000000fe900000, 0x00000000fe900000, 0x00000000fea00000|  0%| F|  |TAMS 0x00000000fe900000| PB 0x00000000fe900000| Untracked 
|2026|0x00000000fea00000, 0x00000000fea00000, 0x00000000feb00000|  0%| F|  |TAMS 0x00000000fea00000| PB 0x00000000fea00000| Untracked 
|2027|0x00000000feb00000, 0x00000000feb00000, 0x00000000fec00000|  0%| F|  |TAMS 0x00000000feb00000| PB 0x00000000feb00000| Untracked 
|2028|0x00000000fec00000, 0x00000000fec00000, 0x00000000fed00000|  0%| F|  |TAMS 0x00000000fec00000| PB 0x00000000fec00000| Untracked 
|2029|0x00000000fed00000, 0x00000000fed00000, 0x00000000fee00000|  0%| F|  |TAMS 0x00000000fed00000| PB 0x00000000fed00000| Untracked 
|2030|0x00000000fee00000, 0x00000000fee00000, 0x00000000fef00000|  0%| F|  |TAMS 0x00000000fee00000| PB 0x00000000fee00000| Untracked 
|2031|0x00000000fef00000, 0x00000000fef00000, 0x00000000ff000000|  0%| F|  |TAMS 0x00000000fef00000| PB 0x00000000fef00000| Untracked 
|2032|0x00000000ff000000, 0x00000000ff000000, 0x00000000ff100000|  0%| F|  |TAMS 0x00000000ff000000| PB 0x00000000ff000000| Untracked 
|2033|0x00000000ff100000, 0x00000000ff100000, 0x00000000ff200000|  0%| F|  |TAMS 0x00000000ff100000| PB 0x00000000ff100000| Untracked 
|2034|0x00000000ff200000, 0x00000000ff200000, 0x00000000ff300000|  0%| F|  |TAMS 0x00000000ff200000| PB 0x00000000ff200000| Untracked 
|2035|0x00000000ff300000, 0x00000000ff300000, 0x00000000ff400000|  0%| F|  |TAMS 0x00000000ff300000| PB 0x00000000ff300000| Untracked 
|2036|0x00000000ff400000, 0x00000000ff400000, 0x00000000ff500000|  0%| F|  |TAMS 0x00000000ff400000| PB 0x00000000ff400000| Untracked 
|2037|0x00000000ff500000, 0x00000000ff500000, 0x00000000ff600000|  0%| F|  |TAMS 0x00000000ff500000| PB 0x00000000ff500000| Untracked 
|2038|0x00000000ff600000, 0x00000000ff600000, 0x00000000ff700000|  0%| F|  |TAMS 0x00000000ff600000| PB 0x00000000ff600000| Untracked 
|2039|0x00000000ff700000, 0x00000000ff700000, 0x00000000ff800000|  0%| F|  |TAMS 0x00000000ff700000| PB 0x00000000ff700000| Untracked 
|2040|0x00000000ff800000, 0x00000000ff800000, 0x00000000ff900000|  0%| F|  |TAMS 0x00000000ff800000| PB 0x00000000ff800000| Untracked 
|2041|0x00000000ff900000, 0x00000000ffa00000, 0x00000000ffa00000|100%| O|  |TAMS 0x00000000ffa00000| PB 0x00000000ff900000| Updating 
|2042|0x00000000ffa00000, 0x00000000ffa00000, 0x00000000ffb00000|  0%| F|  |TAMS 0x00000000ffa00000| PB 0x00000000ffa00000| Untracked 
|2043|0x00000000ffb00000, 0x00000000ffc00000, 0x00000000ffc00000|100%| O|  |TAMS 0x00000000ffc00000| PB 0x00000000ffb00000| Updating 
|2044|0x00000000ffc00000, 0x00000000ffd00000, 0x00000000ffd00000|100%| O|  |TAMS 0x00000000ffd00000| PB 0x00000000ffc00000| Updating 
|2045|0x00000000ffd00000, 0x00000000ffe00000, 0x00000000ffe00000|100%| O|  |TAMS 0x00000000ffe00000| PB 0x00000000ffd00000| Untracked 
|2046|0x00000000ffe00000, 0x00000000ffe00000, 0x00000000fff00000|  0%| F|  |TAMS 0x00000000ffe00000| PB 0x00000000ffe00000| Untracked 
|2047|0x00000000fff00000, 0x0000000100000000, 0x0000000100000000|100%| O|  |TAMS 0x0000000100000000| PB 0x00000000fff00000| Untracked 

Card table byte_map: [0x0000016ad3980000,0x0000016ad3d80000] _byte_map_base: 0x0000016ad3580000

Marking Bits: (CMBitMap*) 0x0000016ac0f260c0
 Bits: [0x0000016ad3d80000, 0x0000016ad5d80000)

Polling page: 0x0000016abe9e0000

Metaspace:

Usage:
  Non-class:    150.22 MB used.
      Class:     23.13 MB used.
       Both:    173.35 MB used.

Virtual space:
  Non-class space:      192.00 MB reserved,     151.00 MB ( 79%) committed,  3 nodes.
      Class space:        1.00 GB reserved,      24.00 MB (  2%) committed,  1 nodes.
             Both:        1.19 GB reserved,     175.00 MB ( 14%) committed. 

Chunk freelists:
   Non-Class:  8.80 MB
       Class:  8.20 MB
        Both:  17.01 MB

MaxMetaspaceSize: unlimited
CompressedClassSpaceSize: 1.00 GB
Initial GC threshold: 21.00 MB
Current GC threshold: 300.56 MB
CDS: off
 - commit_granule_bytes: 65536.
 - commit_granule_words: 8192.
 - virtual_space_node_default_size: 8388608.
 - enlarge_chunks_in_place: 1.
 - use_allocation_guard: 0.


Internal statistics:

num_allocs_failed_limit: 12.
num_arena_births: 5602.
num_arena_deaths: 2860.
num_vsnodes_births: 4.
num_vsnodes_deaths: 0.
num_space_committed: 2951.
num_space_uncommitted: 38.
num_chunks_returned_to_freelist: 3941.
num_chunks_taken_from_freelist: 15129.
num_chunk_merges: 1313.
num_chunk_splits: 8920.
num_chunks_enlarged: 5840.
num_inconsistent_stats: 0.

CodeHeap 'non-profiled nmethods': size=120000Kb used=16748Kb max_used=20621Kb free=103252Kb
 bounds [0x0000016acbb00000, 0x0000016accf30000, 0x0000016ad3030000]
CodeHeap 'profiled nmethods': size=120000Kb used=27739Kb max_used=41021Kb free=92260Kb
 bounds [0x0000016ac4030000, 0x0000016ac6850000, 0x0000016acb560000]
CodeHeap 'non-nmethods': size=5760Kb used=2135Kb max_used=2223Kb free=3624Kb
 bounds [0x0000016acb560000, 0x0000016acb7d0000, 0x0000016acbb00000]
CodeCache: size=245760Kb, used=46622Kb, max_used=63865Kb, free=199136Kb
 total_blobs=15704, nmethods=14707, adapters=900, full_count=0
Compilation: enabled, stopped_count=0, restarted_count=0

Compilation events (20 events):
Event: 5750.352 Thread 0x0000016ad8c19e90 38404       3       com.android.aapt.Resources$XmlNode::writeTo (62 bytes)
Event: 5750.354 Thread 0x0000016ad8c19e90 nmethod 38404 0x0000016ac4529b90 code [0x0000016ac4529de0, 0x0000016ac452a8f8]
Event: 5750.354 Thread 0x0000016ad8c19e90 38399       2       com.android.aapt.Resources$XmlElement$Builder::ensureNamespaceDeclarationIsMutable (35 bytes)
Event: 5750.354 Thread 0x0000016ad8c19e90 nmethod 38399 0x0000016ac41db310 code [0x0000016ac41db4c0, 0x0000016ac41db6b8]
Event: 5750.354 Thread 0x0000016ad8c19e90 38400       2       com.android.aapt.Resources$XmlNamespace$Builder::build (19 bytes)
Event: 5750.357 Thread 0x0000016ad8c19e90 nmethod 38400 0x0000016ac4188f10 code [0x0000016ac4189100, 0x0000016ac4189560]
Event: 5750.358 Thread 0x0000016ad8c19e90 38406       3       com.android.aapt.Resources$XmlNode$Builder::buildPartial (32 bytes)
Event: 5750.359 Thread 0x0000016ad8c19e90 nmethod 38406 0x0000016ac47fa290 code [0x0000016ac47fa4a0, 0x0000016ac47fab50]
Event: 5750.359 Thread 0x0000016ad8c19e90 38407       3       com.android.aapt.Resources$XmlNode$Builder::getElement (50 bytes)
Event: 5750.361 Thread 0x0000016ad8c19e90 nmethod 38407 0x0000016ac4a1ed90 code [0x0000016ac4a1efa0, 0x0000016ac4a1f6f8]
Event: 5750.361 Thread 0x0000016ad8c19e90 38408       3       com.android.aaptcompiler.XmlProcessor$process$$inlined$sortedBy$1::compare (39 bytes)
Event: 5750.362 Thread 0x0000016ad8c19e90 nmethod 38408 0x0000016ac429fd10 code [0x0000016ac429fee0, 0x0000016ac42a0388]
Event: 5750.362 Thread 0x0000016ad8c19e90 38409       3       com.android.aaptcompiler.ResourceName::compareTo (133 bytes)
Event: 5750.363 Thread 0x0000016ad8c19e90 nmethod 38409 0x0000016ac49dd410 code [0x0000016ac49dd680, 0x0000016ac49ddf68]
Event: 5750.363 Thread 0x0000016ad8c19e90 38401       2       com.android.aapt.Resources$XmlNamespace$Builder::buildPartial0 (68 bytes)
Event: 5750.365 Thread 0x0000016ad8c19e90 nmethod 38401 0x0000016ac46ee210 code [0x0000016ac46ee3e0, 0x0000016ac46ee798]
Event: 5750.365 Thread 0x0000016ad8c19e90 38402       2       com.android.aapt.Resources$XmlNamespace::<init> (23 bytes)
Event: 5750.366 Thread 0x0000016ad8c19e90 nmethod 38402 0x0000016ac57ad510 code [0x0000016ac57ad6e0, 0x0000016ac57ada58]
Event: 5750.370 Thread 0x0000016ad8c19e90 38410       3       com.android.aaptcompiler.XmlProcessor::gatherIds (191 bytes)
Event: 5750.375 Thread 0x0000016ad8c19e90 nmethod 38410 0x0000016ac4ef8d10 code [0x0000016ac4ef9160, 0x0000016ac4efaf00]

GC Heap History (20 events):
Event: 5641.421 GC heap after
{Heap after GC invocations=130 (full 0):
 garbage-first heap   total 617472K, used 257286K [0x0000000080000000, 0x0000000100000000)
  region size 1024K, 4 young (4096K), 4 survivors (4096K)
 Metaspace       used 177141K, committed 179200K, reserved 1245184K
  class space    used 23677K, committed 24576K, reserved 1048576K
}
Event: 5642.529 GC heap before
{Heap before GC invocations=130 (full 0):
 garbage-first heap   total 617472K, used 347398K [0x0000000080000000, 0x0000000100000000)
  region size 1024K, 61 young (62464K), 4 survivors (4096K)
 Metaspace       used 177163K, committed 179200K, reserved 1245184K
  class space    used 23677K, committed 24576K, reserved 1048576K
}
Event: 5642.559 GC heap after
{Heap after GC invocations=131 (full 0):
 garbage-first heap   total 617472K, used 258611K [0x0000000080000000, 0x0000000100000000)
  region size 1024K, 8 young (8192K), 8 survivors (8192K)
 Metaspace       used 177163K, committed 179200K, reserved 1245184K
  class space    used 23677K, committed 24576K, reserved 1048576K
}
Event: 5642.941 GC heap before
{Heap before GC invocations=131 (full 0):
 garbage-first heap   total 617472K, used 335411K [0x0000000080000000, 0x0000000100000000)
  region size 1024K, 84 young (86016K), 8 survivors (8192K)
 Metaspace       used 177193K, committed 179200K, reserved 1245184K
  class space    used 23677K, committed 24576K, reserved 1048576K
}
Event: 5642.975 GC heap after
{Heap after GC invocations=132 (full 0):
 garbage-first heap   total 617472K, used 266558K [0x0000000080000000, 0x0000000100000000)
  region size 1024K, 11 young (11264K), 11 survivors (11264K)
 Metaspace       used 177193K, committed 179200K, reserved 1245184K
  class space    used 23677K, committed 24576K, reserved 1048576K
}
Event: 5643.876 GC heap before
{Heap before GC invocations=132 (full 0):
 garbage-first heap   total 617472K, used 377150K [0x0000000080000000, 0x0000000100000000)
  region size 1024K, 116 young (118784K), 11 survivors (11264K)
 Metaspace       used 177268K, committed 179200K, reserved 1245184K
  class space    used 23677K, committed 24576K, reserved 1048576K
}
Event: 5643.938 GC heap after
{Heap after GC invocations=133 (full 0):
 garbage-first heap   total 676864K, used 262456K [0x0000000080000000, 0x0000000100000000)
  region size 1024K, 9 young (9216K), 9 survivors (9216K)
 Metaspace       used 177268K, committed 179200K, reserved 1245184K
  class space    used 23677K, committed 24576K, reserved 1048576K
}
Event: 5692.272 GC heap before
{Heap before GC invocations=133 (full 0):
 garbage-first heap   total 676864K, used 394552K [0x0000000080000000, 0x0000000100000000)
  region size 1024K, 138 young (141312K), 9 survivors (9216K)
 Metaspace       used 177308K, committed 179200K, reserved 1245184K
  class space    used 23677K, committed 24576K, reserved 1048576K
}
Event: 5692.331 GC heap after
{Heap after GC invocations=134 (full 0):
 garbage-first heap   total 676864K, used 255570K [0x0000000080000000, 0x0000000100000000)
  region size 1024K, 7 young (7168K), 7 survivors (7168K)
 Metaspace       used 177308K, committed 179200K, reserved 1245184K
  class space    used 23677K, committed 24576K, reserved 1048576K
}
Event: 5744.298 GC heap before
{Heap before GC invocations=134 (full 0):
 garbage-first heap   total 676864K, used 420434K [0x0000000080000000, 0x0000000100000000)
  region size 1024K, 168 young (172032K), 7 survivors (7168K)
 Metaspace       used 177433K, committed 179200K, reserved 1245184K
  class space    used 23681K, committed 24576K, reserved 1048576K
}
Event: 5744.392 GC heap after
{Heap after GC invocations=135 (full 0):
 garbage-first heap   total 676864K, used 258820K [0x0000000080000000, 0x0000000100000000)
  region size 1024K, 15 young (15360K), 15 survivors (15360K)
 Metaspace       used 177433K, committed 179200K, reserved 1245184K
  class space    used 23681K, committed 24576K, reserved 1048576K
}
Event: 5747.295 GC heap before
{Heap before GC invocations=135 (full 0):
 garbage-first heap   total 676864K, used 419588K [0x0000000080000000, 0x0000000100000000)
  region size 1024K, 164 young (167936K), 15 survivors (15360K)
 Metaspace       used 177464K, committed 179200K, reserved 1245184K
  class space    used 23681K, committed 24576K, reserved 1048576K
}
Event: 5747.395 GC heap after
{Heap after GC invocations=136 (full 0):
 garbage-first heap   total 676864K, used 295428K [0x0000000080000000, 0x0000000100000000)
  region size 1024K, 21 young (21504K), 21 survivors (21504K)
 Metaspace       used 177464K, committed 179200K, reserved 1245184K
  class space    used 23681K, committed 24576K, reserved 1048576K
}
Event: 5748.034 GC heap before
{Heap before GC invocations=136 (full 0):
 garbage-first heap   total 676864K, used 356868K [0x0000000080000000, 0x0000000100000000)
  region size 1024K, 69 young (70656K), 21 survivors (21504K)
 Metaspace       used 177477K, committed 179200K, reserved 1245184K
  class space    used 23681K, committed 24576K, reserved 1048576K
}
Event: 5748.088 GC heap after
{Heap after GC invocations=137 (full 0):
 garbage-first heap   total 676864K, used 309248K [0x0000000080000000, 0x0000000100000000)
  region size 1024K, 9 young (9216K), 9 survivors (9216K)
 Metaspace       used 177477K, committed 179200K, reserved 1245184K
  class space    used 23681K, committed 24576K, reserved 1048576K
}
Event: 5748.327 GC heap before
{Heap before GC invocations=137 (full 0):
 garbage-first heap   total 676864K, used 324608K [0x0000000080000000, 0x0000000100000000)
  region size 1024K, 26 young (26624K), 9 survivors (9216K)
 Metaspace       used 177477K, committed 179200K, reserved 1245184K
  class space    used 23681K, committed 24576K, reserved 1048576K
}
Event: 5748.370 GC heap after
{Heap after GC invocations=138 (full 0):
 garbage-first heap   total 676864K, used 318333K [0x0000000080000000, 0x0000000100000000)
  region size 1024K, 17 young (17408K), 17 survivors (17408K)
 Metaspace       used 177477K, committed 179200K, reserved 1245184K
  class space    used 23681K, committed 24576K, reserved 1048576K
}
Event: 5749.854 GC heap before
{Heap before GC invocations=138 (full 0):
 garbage-first heap   total 676864K, used 402301K [0x0000000080000000, 0x0000000100000000)
  region size 1024K, 118 young (120832K), 17 survivors (17408K)
 Metaspace       used 177493K, committed 179200K, reserved 1245184K
  class space    used 23681K, committed 24576K, reserved 1048576K
}
Event: 5749.908 GC heap after
{Heap after GC invocations=139 (full 0):
 garbage-first heap   total 676864K, used 287744K [0x0000000080000000, 0x0000000100000000)
  region size 1024K, 15 young (15360K), 15 survivors (15360K)
 Metaspace       used 177493K, committed 179200K, reserved 1245184K
  class space    used 23681K, committed 24576K, reserved 1048576K
}
Event: 5750.447 GC heap before
{Heap before GC invocations=139 (full 0):
 garbage-first heap   total 676864K, used 385024K [0x0000000080000000, 0x0000000100000000)
  region size 1024K, 107 young (109568K), 15 survivors (15360K)
 Metaspace       used 177509K, committed 179200K, reserved 1245184K
  class space    used 23681K, committed 24576K, reserved 1048576K
}

Dll operation events (3 events):
Event: 0.054 Loaded shared library D:\Program Files1\jbr\bin\java.dll
Event: 0.065 Loaded shared library D:\Program Files1\jbr\bin\zip.dll
Event: 0.810 Loaded shared library D:\Program Files1\jbr\bin\verify.dll

Deoptimization events (20 events):
Event: 5748.325 Thread 0x0000016ae472a120 DEOPT PACKING pc=0x0000016ac4c2c8b7 sp=0x0000006a50ffa890
Event: 5748.325 Thread 0x0000016ae472a120 DEOPT UNPACKING pc=0x0000016acb5b4b42 sp=0x0000006a50ff9d80 mode 0
Event: 5748.990 Thread 0x0000016ae472a120 DEOPT PACKING pc=0x0000016ac611779e sp=0x0000006a50ffa1a0
Event: 5748.992 Thread 0x0000016ae472a120 DEOPT UNPACKING pc=0x0000016acb5b4b42 sp=0x0000006a50ff9630 mode 0
Event: 5749.027 Thread 0x0000016ae472a7b0 DEOPT PACKING pc=0x0000016ac56fb805 sp=0x0000006a540fd400
Event: 5749.038 Thread 0x0000016ae472a7b0 DEOPT UNPACKING pc=0x0000016acb5b4b42 sp=0x0000006a540fc9b0 mode 0
Event: 5749.050 Thread 0x0000016ae472a120 DEOPT PACKING pc=0x0000016ac611779e sp=0x0000006a50ffa1a0
Event: 5749.050 Thread 0x0000016ae472a120 DEOPT UNPACKING pc=0x0000016acb5b4b42 sp=0x0000006a50ff9630 mode 0
Event: 5749.060 Thread 0x0000016ae472b4d0 DEOPT PACKING pc=0x0000016ac56fb805 sp=0x0000006a542fd3c0
Event: 5749.061 Thread 0x0000016ae472b4d0 DEOPT UNPACKING pc=0x0000016acb5b4b42 sp=0x0000006a542fc970 mode 0
Event: 5749.093 Thread 0x0000016ae472a120 DEOPT PACKING pc=0x0000016ac611779e sp=0x0000006a50ffa020
Event: 5749.095 Thread 0x0000016ae472a120 DEOPT UNPACKING pc=0x0000016acb5b4b42 sp=0x0000006a50ff94b0 mode 0
Event: 5749.705 Thread 0x0000016add20a040 DEOPT PACKING pc=0x0000016ac56fb805 sp=0x0000006a546fd2a0
Event: 5749.705 Thread 0x0000016add20a040 DEOPT UNPACKING pc=0x0000016acb5b4b42 sp=0x0000006a546fc850 mode 0
Event: 5749.720 Thread 0x0000016ae472a120 DEOPT PACKING pc=0x0000016ac5f40d84 sp=0x0000006a50ff9e80
Event: 5749.720 Thread 0x0000016ae472a120 DEOPT UNPACKING pc=0x0000016acb5b4b42 sp=0x0000006a50ff94b0 mode 0
Event: 5749.731 Thread 0x0000016ae472a120 DEOPT PACKING pc=0x0000016ac611779e sp=0x0000006a50ffa020
Event: 5749.731 Thread 0x0000016ae472a120 DEOPT UNPACKING pc=0x0000016acb5b4b42 sp=0x0000006a50ff94b0 mode 0
Event: 5749.816 Thread 0x0000016ae4c13370 DEOPT PACKING pc=0x0000016ac56fb805 sp=0x0000006a547fd180
Event: 5749.816 Thread 0x0000016ae4c13370 DEOPT UNPACKING pc=0x0000016acb5b4b42 sp=0x0000006a547fc730 mode 0

Classes loaded (20 events):
Event: 5515.536 Loading class org/xml/sax/ext/DeclHandler done
Event: 5515.536 Loading class org/xml/sax/ext/DefaultHandler2 done
Event: 5515.679 Loading class com/sun/org/apache/xerces/internal/dom/ParentNode$UserDataRecord
Event: 5515.682 Loading class com/sun/org/apache/xerces/internal/dom/ParentNode$UserDataRecord done
Event: 5515.685 Loading class com/sun/org/apache/xerces/internal/util/EntityResolver2Wrapper
Event: 5515.692 Loading class com/sun/org/apache/xerces/internal/util/EntityResolver2Wrapper done
Event: 5523.675 Loading class com/sun/org/apache/xerces/internal/dom/DOMImplementationImpl
Event: 5523.688 Loading class org/w3c/dom/DOMImplementation
Event: 5523.691 Loading class org/w3c/dom/DOMImplementation done
Event: 5523.691 Loading class com/sun/org/apache/xerces/internal/dom/CoreDOMImplementationImpl
Event: 5523.708 Loading class org/w3c/dom/ls/DOMImplementationLS
Event: 5523.709 Loading class org/w3c/dom/ls/DOMImplementationLS done
Event: 5523.709 Loading class com/sun/org/apache/xerces/internal/dom/CoreDOMImplementationImpl done
Event: 5523.709 Loading class com/sun/org/apache/xerces/internal/dom/DOMImplementationImpl done
Event: 5523.709 Loading class com/sun/org/apache/xerces/internal/dom/DeferredDOMImplementationImpl
Event: 5523.711 Loading class com/sun/org/apache/xerces/internal/dom/DeferredDOMImplementationImpl done
Event: 5527.297 Loading class java/lang/StringUTF16$CodePointsSpliterator
Event: 5527.299 Loading class java/util/Spliterators$2Adapter
Event: 5527.305 Loading class java/util/Spliterators$2Adapter done
Event: 5527.309 Loading class java/lang/StringUTF16$CodePointsSpliterator done

Classes unloaded (20 events):
Event: 5637.986 Thread 0x0000016ad8a17c90 Unloading class 0x000000010131cc00 'jdk/internal/reflect/GeneratedSerializationConstructorAccessor141'
Event: 5637.986 Thread 0x0000016ad8a17c90 Unloading class 0x000000010131c800 'jdk/internal/reflect/GeneratedSerializationConstructorAccessor140'
Event: 5637.986 Thread 0x0000016ad8a17c90 Unloading class 0x000000010131c400 'jdk/internal/reflect/GeneratedSerializationConstructorAccessor139'
Event: 5637.986 Thread 0x0000016ad8a17c90 Unloading class 0x000000010131c000 'jdk/internal/reflect/GeneratedSerializationConstructorAccessor138'
Event: 5637.986 Thread 0x0000016ad8a17c90 Unloading class 0x00000001012dd800 'jdk/internal/reflect/GeneratedSerializationConstructorAccessor134'
Event: 5638.003 Thread 0x0000016ad8a17c90 Unloading class 0x00000001012dd400 'jdk/internal/reflect/GeneratedSerializationConstructorAccessor133'
Event: 5638.004 Thread 0x0000016ad8a17c90 Unloading class 0x00000001012dd000 'jdk/internal/reflect/GeneratedSerializationConstructorAccessor132'
Event: 5638.004 Thread 0x0000016ad8a17c90 Unloading class 0x00000001012dcc00 'jdk/internal/reflect/GeneratedSerializationConstructorAccessor131'
Event: 5638.004 Thread 0x0000016ad8a17c90 Unloading class 0x00000001012dc800 'jdk/internal/reflect/GeneratedSerializationConstructorAccessor130'
Event: 5638.005 Thread 0x0000016ad8a17c90 Unloading class 0x0000000101160800 'jdk/internal/reflect/GeneratedSerializationConstructorAccessor118'
Event: 5638.005 Thread 0x0000016ad8a17c90 Unloading class 0x0000000101160400 'jdk/internal/reflect/GeneratedSerializationConstructorAccessor117'
Event: 5638.005 Thread 0x0000016ad8a17c90 Unloading class 0x0000000101160000 'jdk/internal/reflect/GeneratedSerializationConstructorAccessor116'
Event: 5638.005 Thread 0x0000016ad8a17c90 Unloading class 0x0000000101159c00 'jdk/internal/reflect/GeneratedSerializationConstructorAccessor115'
Event: 5638.005 Thread 0x0000016ad8a17c90 Unloading class 0x0000000101159800 'jdk/internal/reflect/GeneratedSerializationConstructorAccessor114'
Event: 5638.005 Thread 0x0000016ad8a17c90 Unloading class 0x0000000101159400 'jdk/internal/reflect/GeneratedSerializationConstructorAccessor113'
Event: 5638.005 Thread 0x0000016ad8a17c90 Unloading class 0x0000000101159000 'jdk/internal/reflect/GeneratedSerializationConstructorAccessor112'
Event: 5638.005 Thread 0x0000016ad8a17c90 Unloading class 0x0000000101158c00 'jdk/internal/reflect/GeneratedSerializationConstructorAccessor111'
Event: 5638.006 Thread 0x0000016ad8a17c90 Unloading class 0x0000000101158000 'jdk/internal/reflect/GeneratedSerializationConstructorAccessor108'
Event: 5638.006 Thread 0x0000016ad8a17c90 Unloading class 0x0000000101154400 'jdk/internal/reflect/GeneratedSerializationConstructorAccessor105'
Event: 5749.101 Thread 0x0000016ad8a17c90 Unloading class 0x000000010019d000 'java/lang/invoke/LambdaForm$MH+0x000000010019d000'

Classes redefined (0 events):
No events

Internal exceptions (20 events):
Event: 5750.328 Thread 0x0000016ae472ae40 Exception <a 'sun/nio/fs/WindowsException'{0x00000000a3786d80}> (0x00000000a3786d80) 
thrown [s\src\hotspot\share\prims\jni.cpp, line 537]
Event: 5750.338 Thread 0x0000016ade5728e0 Exception <a 'sun/nio/fs/WindowsException'{0x00000000a3640568}> (0x00000000a3640568) 
thrown [s\src\hotspot\share\prims\jni.cpp, line 537]
Event: 5750.341 Thread 0x0000016ae472ae40 Exception <a 'sun/nio/fs/WindowsException'{0x00000000a378eba0}> (0x00000000a378eba0) 
thrown [s\src\hotspot\share\prims\jni.cpp, line 537]
Event: 5750.341 Thread 0x0000016ade5728e0 Exception <a 'sun/nio/fs/WindowsException'{0x00000000a3644c88}> (0x00000000a3644c88) 
thrown [s\src\hotspot\share\prims\jni.cpp, line 537]
Event: 5750.345 Thread 0x0000016ad8f41890 Exception <a 'sun/nio/fs/WindowsException'{0x00000000a35644e8}> (0x00000000a35644e8) 
thrown [s\src\hotspot\share\prims\jni.cpp, line 537]
Event: 5750.348 Thread 0x0000016ade5728e0 Exception <a 'sun/nio/fs/WindowsException'{0x00000000a340f660}> (0x00000000a340f660) 
thrown [s\src\hotspot\share\prims\jni.cpp, line 537]
Event: 5750.351 Thread 0x0000016ad8f41890 Exception <a 'sun/nio/fs/WindowsException'{0x00000000a356da88}> (0x00000000a356da88) 
thrown [s\src\hotspot\share\prims\jni.cpp, line 537]
Event: 5750.351 Thread 0x0000016ade5728e0 Exception <a 'sun/nio/fs/WindowsException'{0x00000000a3368f00}> (0x00000000a3368f00) 
thrown [s\src\hotspot\share\prims\jni.cpp, line 537]
Event: 5750.356 Thread 0x0000016add2099b0 Exception <a 'sun/nio/fs/WindowsException'{0x00000000a3295a38}> (0x00000000a3295a38) 
thrown [s\src\hotspot\share\prims\jni.cpp, line 537]
Event: 5750.356 Thread 0x0000016ae472ae40 Exception <a 'sun/nio/fs/WindowsException'{0x00000000a3354df8}> (0x00000000a3354df8) 
thrown [s\src\hotspot\share\prims\jni.cpp, line 537]
Event: 5750.356 Thread 0x0000016ae4c12650 Exception <a 'sun/nio/fs/WindowsException'{0x00000000a33ee0e0}> (0x00000000a33ee0e0) 
thrown [s\src\hotspot\share\prims\jni.cpp, line 537]
Event: 5750.356 Thread 0x0000016add20a040 Exception <a 'sun/nio/fs/WindowsException'{0x00000000a32b7070}> (0x00000000a32b7070) 
thrown [s\src\hotspot\share\prims\jni.cpp, line 537]
Event: 5750.363 Thread 0x0000016add209320 Exception <a 'sun/nio/fs/WindowsException'{0x00000000a3108b40}> (0x00000000a3108b40) 
thrown [s\src\hotspot\share\prims\jni.cpp, line 537]
Event: 5750.367 Thread 0x0000016ad8f41890 Exception <a 'sun/nio/fs/WindowsException'{0x00000000a35761d8}> (0x00000000a35761d8) 
thrown [s\src\hotspot\share\prims\jni.cpp, line 537]
Event: 5750.370 Thread 0x0000016add2099b0 Exception <a 'sun/nio/fs/WindowsException'{0x00000000a32a98b0}> (0x00000000a32a98b0) 
thrown [s\src\hotspot\share\prims\jni.cpp, line 537]
Event: 5750.371 Thread 0x0000016ade5728e0 Exception <a 'sun/nio/fs/WindowsException'{0x00000000a3371d40}> (0x00000000a3371d40) 
thrown [s\src\hotspot\share\prims\jni.cpp, line 537]
Event: 5750.372 Thread 0x0000016add209320 Exception <a 'sun/nio/fs/WindowsException'{0x00000000a310f598}> (0x00000000a310f598) 
thrown [s\src\hotspot\share\prims\jni.cpp, line 537]
Event: 5750.389 Thread 0x0000016ae4c13a00 Exception <a 'sun/nio/fs/WindowsException'{0x00000000a411bd68}> (0x00000000a411bd68) 
thrown [s\src\hotspot\share\prims\jni.cpp, line 537]
Event: 5750.389 Thread 0x0000016ae4c13370 Exception <a 'sun/nio/fs/WindowsException'{0x00000000a3766718}> (0x00000000a3766718) 
thrown [s\src\hotspot\share\prims\jni.cpp, line 537]
Event: 5750.395 Thread 0x0000016add20a040 Exception <a 'sun/nio/fs/WindowsException'{0x00000000a32ceb90}> (0x00000000a32ceb90) 
thrown [s\src\hotspot\share\prims\jni.cpp, line 537]

ZGC Phase Switch (0 events):
No events

VM Operations (20 events):
Event: 5741.361 Executing VM operation: Cleanup done
Event: 5742.362 Executing VM operation: Cleanup
Event: 5742.362 Executing VM operation: Cleanup done
Event: 5743.362 Executing VM operation: Cleanup
Event: 5743.363 Executing VM operation: Cleanup done
Event: 5744.298 Executing VM operation: G1CollectForAllocation (G1 Evacuation Pause)
Event: 5744.392 Executing VM operation: G1CollectForAllocation (G1 Evacuation Pause) done
Event: 5746.393 Executing VM operation: Cleanup
Event: 5746.393 Executing VM operation: Cleanup done
Event: 5747.295 Executing VM operation: G1CollectForAllocation (G1 Evacuation Pause)
Event: 5747.396 Executing VM operation: G1CollectForAllocation (G1 Evacuation Pause) done
Event: 5748.034 Executing VM operation: G1CollectForAllocation (G1 Evacuation Pause)
Event: 5748.088 Executing VM operation: G1CollectForAllocation (G1 Evacuation Pause) done
Event: 5748.326 Executing VM operation: G1TryInitiateConcMark (G1 Humongous Allocation)
Event: 5748.370 Executing VM operation: G1TryInitiateConcMark (G1 Humongous Allocation) done
Event: 5749.098 Executing VM operation: G1PauseRemark
Event: 5749.688 Executing VM operation: G1PauseRemark done
Event: 5749.829 Executing VM operation: G1CollectForAllocation (G1 Evacuation Pause)
Event: 5749.909 Executing VM operation: G1CollectForAllocation (G1 Evacuation Pause) done
Event: 5750.365 Executing VM operation: G1CollectForAllocation (G1 Evacuation Pause)

Memory protections (0 events):
No events

Nmethod flushes (20 events):
Event: 5749.679 Thread 0x0000016ad8a17c90 flushing  nmethod 0x0000016ac5537a10
Event: 5749.680 Thread 0x0000016ad8a17c90 flushing  nmethod 0x0000016ac5673a10
Event: 5749.680 Thread 0x0000016ad8a17c90 flushing  nmethod 0x0000016ac56f2b10
Event: 5749.680 Thread 0x0000016ad8a17c90 flushing  nmethod 0x0000016ac58bce90
Event: 5749.680 Thread 0x0000016ad8a17c90 flushing  nmethod 0x0000016ac58c2090
Event: 5749.680 Thread 0x0000016ad8a17c90 flushing  nmethod 0x0000016ac58c5b90
Event: 5749.680 Thread 0x0000016ad8a17c90 flushing  nmethod 0x0000016ac5b87210
Event: 5749.680 Thread 0x0000016ad8a17c90 flushing  nmethod 0x0000016ac5db5a10
Event: 5749.680 Thread 0x0000016ad8a17c90 flushing  nmethod 0x0000016ac5dd9790
Event: 5749.680 Thread 0x0000016ad8a17c90 flushing  nmethod 0x0000016ac5e1a490
Event: 5749.680 Thread 0x0000016ad8a17c90 flushing  nmethod 0x0000016ac5e1d110
Event: 5749.680 Thread 0x0000016ad8a17c90 flushing  nmethod 0x0000016ac5e23a10
Event: 5749.680 Thread 0x0000016ad8a17c90 flushing  nmethod 0x0000016ac5e32210
Event: 5749.680 Thread 0x0000016ad8a17c90 flushing  nmethod 0x0000016ac5f2d210
Event: 5749.680 Thread 0x0000016ad8a17c90 flushing  nmethod 0x0000016ac5f3cd90
Event: 5749.680 Thread 0x0000016ad8a17c90 flushing  nmethod 0x0000016ac6302e10
Event: 5749.680 Thread 0x0000016ad8a17c90 flushing  nmethod 0x0000016ac6303190
Event: 5749.680 Thread 0x0000016ad8a17c90 flushing  nmethod 0x0000016ac6306590
Event: 5749.680 Thread 0x0000016ad8a17c90 flushing  nmethod 0x0000016ac63fdf10
Event: 5749.680 Thread 0x0000016ad8a17c90 flushing  nmethod 0x0000016ac67b2610

Events (20 events):
Event: 5744.892 Thread 0x0000016ae4729a90 Thread added: 0x0000016ae1b74500
Event: 5744.893 Thread 0x0000016ae4729a90 Thread added: 0x0000016ae1b72ac0
Event: 5744.895 Thread 0x0000016ae4729a90 Thread added: 0x0000016ae1b72430
Event: 5744.897 Thread 0x0000016ae4729a90 Thread added: 0x0000016ae1b73e70
Event: 5744.901 Thread 0x0000016ae4729a90 Thread added: 0x0000016ae1b74b90
Event: 5744.902 Thread 0x0000016ae4729a90 Thread added: 0x0000016ae1b737e0
Event: 5744.903 Thread 0x0000016ae4729a90 Thread added: 0x0000016ae1b75220
Event: 5744.904 Thread 0x0000016ae4729a90 Thread added: 0x0000016ae356bac0
Event: 5744.905 Thread 0x0000016ae4729a90 Thread added: 0x0000016ae356a080
Event: 5748.985 Thread 0x0000016ae472a120 Thread added: 0x0000016ae472a7b0
Event: 5749.010 Thread 0x0000016ae472a120 Thread added: 0x0000016ae472ae40
Event: 5749.020 Thread 0x0000016ae472a120 Thread added: 0x0000016ae472b4d0
Event: 5749.048 Thread 0x0000016ae472a120 Thread added: 0x0000016ad8f41890
Event: 5749.058 Thread 0x0000016ae472a120 Thread added: 0x0000016add209320
Event: 5749.066 Thread 0x0000016ae472a120 Thread added: 0x0000016add2099b0
Event: 5749.075 Thread 0x0000016ae472a120 Thread added: 0x0000016add20a040
Event: 5749.692 Thread 0x0000016ae472a120 Thread added: 0x0000016ae4c13370
Event: 5749.702 Thread 0x0000016ae472a120 Thread added: 0x0000016ae4c12650
Event: 5749.710 Thread 0x0000016ae472a120 Thread added: 0x0000016ae4c13a00
Event: 5749.729 Thread 0x0000016ae472a120 Thread added: 0x0000016ade5728e0


Dynamic libraries:
0x00007ff6afb70000 - 0x00007ff6afb7a000 	D:\Program Files1\jbr\bin\java.exe
0x00007ffe24ec0000 - 0x00007ffe25126000 	C:\WINDOWS\SYSTEM32\ntdll.dll
0x00007ffe23590000 - 0x00007ffe23659000 	C:\WINDOWS\System32\KERNEL32.DLL
0x00007ffe22830000 - 0x00007ffe22c2a000 	C:\WINDOWS\System32\KERNELBASE.dll
0x00007ffe22360000 - 0x00007ffe224ac000 	C:\WINDOWS\System32\ucrtbase.dll
0x00007ffdb0900000 - 0x00007ffdb091b000 	D:\Program Files1\jbr\bin\VCRUNTIME140.dll
0x00007ffe1d370000 - 0x00007ffe1d388000 	D:\Program Files1\jbr\bin\jli.dll
0x00007ffe22d30000 - 0x00007ffe22ef7000 	C:\WINDOWS\System32\USER32.dll
0x00007ffe11a80000 - 0x00007ffe11d12000 	C:\WINDOWS\WinSxS\amd64_microsoft.windows.common-controls_6595b64144ccf1df_6.0.26100.8521_none_3e08b75ce33403b3\COMCTL32.dll
0x00007ffe22150000 - 0x00007ffe22177000 	C:\WINDOWS\System32\win32u.dll
0x00007ffe23400000 - 0x00007ffe234a9000 	C:\WINDOWS\System32\msvcrt.dll
0x00007ffe246c0000 - 0x00007ffe246eb000 	C:\WINDOWS\System32\GDI32.dll
0x00007ffe22180000 - 0x00007ffe222ab000 	C:\WINDOWS\System32\gdi32full.dll
0x00007ffe224b0000 - 0x00007ffe22553000 	C:\WINDOWS\System32\msvcp_win.dll
0x00007ffe233c0000 - 0x00007ffe233f2000 	C:\WINDOWS\System32\IMM32.DLL
0x00007ffdb0920000 - 0x00007ffdb092c000 	D:\Program Files1\jbr\bin\vcruntime140_1.dll
0x00007ffdeff20000 - 0x00007ffdeffad000 	D:\Program Files1\jbr\bin\msvcp140.dll
0x00007ffdb0930000 - 0x00007ffdb15c6000 	D:\Program Files1\jbr\bin\server\jvm.dll
0x00007ffe23a50000 - 0x00007ffe23b06000 	C:\WINDOWS\System32\ADVAPI32.dll
0x00007ffe23b10000 - 0x00007ffe23bba000 	C:\WINDOWS\System32\sechost.dll
0x00007ffe23090000 - 0x00007ffe231a8000 	C:\WINDOWS\System32\RPCRT4.dll
0x00007ffe23000000 - 0x00007ffe23080000 	C:\WINDOWS\System32\WS2_32.dll
0x00007ffe1a200000 - 0x00007ffe1a236000 	C:\WINDOWS\SYSTEM32\WINMM.dll
0x00007ffe1a240000 - 0x00007ffe1a24b000 	C:\WINDOWS\SYSTEM32\VERSION.dll
0x00007ffe21fb0000 - 0x00007ffe2200e000 	C:\WINDOWS\SYSTEM32\POWRPROF.dll
0x00007ffe21f90000 - 0x00007ffe21fa4000 	C:\WINDOWS\SYSTEM32\UMPDC.dll
0x00007ffe20ee0000 - 0x00007ffe20efb000 	C:\WINDOWS\SYSTEM32\kernel.appcore.dll
0x00007ffdb08f0000 - 0x00007ffdb08fa000 	D:\Program Files1\jbr\bin\jimage.dll
0x00007ffe176d0000 - 0x00007ffe17912000 	C:\WINDOWS\SYSTEM32\DBGHELP.DLL
0x00007ffe23660000 - 0x00007ffe239e3000 	C:\WINDOWS\System32\combase.dll
0x00007ffe234b0000 - 0x00007ffe23589000 	C:\WINDOWS\System32\OLEAUT32.dll
0x00007ffdf9d80000 - 0x00007ffdf9dbb000 	C:\WINDOWS\SYSTEM32\dbgcore.DLL
0x00007ffe222b0000 - 0x00007ffe22358000 	C:\WINDOWS\System32\bcryptPrimitives.dll
0x00007ffe1d4f0000 - 0x00007ffe1d4fe000 	D:\Program Files1\jbr\bin\instrument.dll
0x00007ffdb08d0000 - 0x00007ffdb08f0000 	D:\Program Files1\jbr\bin\java.dll
0x00007ffdb08b0000 - 0x00007ffdb08c8000 	D:\Program Files1\jbr\bin\zip.dll
0x00007ffe246f0000 - 0x00007ffe24e74000 	C:\WINDOWS\System32\SHELL32.dll
0x00007ffe1fd50000 - 0x00007ffe205d0000 	C:\WINDOWS\SYSTEM32\windows.storage.dll
0x00007ffe232c0000 - 0x00007ffe233b6000 	C:\WINDOWS\System32\SHCORE.dll
0x00007ffe22f00000 - 0x00007ffe22f67000 	C:\WINDOWS\System32\shlwapi.dll
0x00007ffe22070000 - 0x00007ffe22099000 	C:\WINDOWS\SYSTEM32\profapi.dll
0x00007ffdfbdf0000 - 0x00007ffdfbe00000 	D:\Program Files1\jbr\bin\net.dll
0x00007ffe1a780000 - 0x00007ffe1a8a9000 	C:\WINDOWS\SYSTEM32\WINHTTP.dll
0x00007ffe21450000 - 0x00007ffe214bc000 	C:\WINDOWS\system32\mswsock.dll
0x00007ffdf0ac0000 - 0x00007ffdf0ad6000 	D:\Program Files1\jbr\bin\nio.dll
0x00007ffe1d510000 - 0x00007ffe1d520000 	D:\Program Files1\jbr\bin\verify.dll
0x00007ffe1d4a0000 - 0x00007ffe1d4c7000 	D:\.gradle\native\660c5614fbf4a5f2a75b1949f50a0caf5cd603558e7d8a26e50b933a0cfb79d1\windows-amd64\native-platform.dll
0x00007ffdefea0000 - 0x00007ffdeff17000 	D:\.gradle\native\0.2.8\x86_64-windows-gnu\gradle-fileevents.dll
0x00007ffe0ae00000 - 0x00007ffe0ae09000 	D:\Program Files1\jbr\bin\management.dll
0x00007ffe0adf0000 - 0x00007ffe0adfb000 	D:\Program Files1\jbr\bin\management_ext.dll
0x00007ffe22c30000 - 0x00007ffe22c38000 	C:\WINDOWS\System32\PSAPI.DLL
0x00007ffe208e0000 - 0x00007ffe20913000 	C:\WINDOWS\SYSTEM32\IPHLPAPI.DLL
0x00007ffe22ff0000 - 0x00007ffe22ffa000 	C:\WINDOWS\System32\NSI.dll
0x00007ffe13b60000 - 0x00007ffe13b69000 	D:\Program Files1\jbr\bin\extnet.dll
0x00007ffe21730000 - 0x00007ffe2174b000 	C:\WINDOWS\SYSTEM32\CRYPTSP.dll
0x00007ffe20e40000 - 0x00007ffe20e79000 	C:\WINDOWS\system32\rsaenh.dll
0x00007ffe21500000 - 0x00007ffe21533000 	C:\WINDOWS\SYSTEM32\USERENV.dll
0x00007ffe22040000 - 0x00007ffe2206a000 	C:\WINDOWS\SYSTEM32\bcrypt.dll
0x00007ffe21750000 - 0x00007ffe2175c000 	C:\WINDOWS\SYSTEM32\CRYPTBASE.dll
0x00007ffe1d550000 - 0x00007ffe1d558000 	C:\WINDOWS\system32\wshunix.dll
0x00007ffe21000000 - 0x00007ffe21036000 	C:\WINDOWS\SYSTEM32\ntmarta.dll

JVMTI agents:
D:\.gradle\wrapper\dists\gradle-9.3.1-bin\23ovyewtku6u96viwx3xl3oks\gradle-9.3.1\lib\agents\gradle-instrumentation-agent-9.3.1.jar path:D:\Program Files1\jbr\bin\instrument.dll, loaded, initialized, instrumentlib options:none

dbghelp: loaded successfully - version: 4.0.5 - missing functions: none
symbol engine: initialized successfully - sym options: 0x614 - pdb path: .;D:\Program Files1\jbr\bin;C:\WINDOWS\SYSTEM32;C:\WINDOWS\WinSxS\amd64_microsoft.windows.common-controls_6595b64144ccf1df_6.0.26100.8521_none_3e08b75ce33403b3;D:\Program Files1\jbr\bin\server;D:\.gradle\native\660c5614fbf4a5f2a75b1949f50a0caf5cd603558e7d8a26e50b933a0cfb79d1\windows-amd64;D:\.gradle\native\0.2.8\x86_64-windows-gnu

VM Arguments:
jvm_args: --add-opens=java.base/java.lang=ALL-UNNAMED --add-opens=java.base/java.lang.invoke=ALL-UNNAMED --add-opens=java.base/java.util=ALL-UNNAMED --add-opens=java.prefs/java.util.prefs=ALL-UNNAMED --add-exports=jdk.compiler/com.sun.tools.javac.api=ALL-UNNAMED --add-exports=jdk.compiler/com.sun.tools.javac.util=ALL-UNNAMED --add-opens=java.base/java.util=ALL-UNNAMED --add-opens=java.prefs/java.util.prefs=ALL-UNNAMED --add-opens=java.base/java.nio.charset=ALL-UNNAMED --add-opens=java.base/java.net=ALL-UNNAMED --add-opens=java.base/java.util.concurrent=ALL-UNNAMED --add-opens=java.base/java.util.concurrent.atomic=ALL-UNNAMED --add-opens=java.xml/javax.xml.namespace=ALL-UNNAMED --add-opens=java.base/java.time=ALL-UNNAMED -Xmx2048m -Dfile.encoding=UTF-8 -Duser.country=US -Duser.language=en -Duser.variant -javaagent:D:\.gradle\wrapper\dists\gradle-9.3.1-bin\23ovyewtku6u96viwx3xl3oks\gradle-9.3.1\lib\agents\gradle-instrumentation-agent-9.3.1.jar 
java_command: org.gradle.launcher.daemon.bootstrap.GradleDaemon 9.3.1
java_class_path (initial): D:\.gradle\wrapper\dists\gradle-9.3.1-bin\23ovyewtku6u96viwx3xl3oks\gradle-9.3.1\lib\gradle-daemon-main-9.3.1.jar
Launcher Type: SUN_STANDARD

[Global flags]
     intx CICompilerCount                          = 4                                         {product} {ergonomic}
     uint ConcGCThreads                            = 3                                         {product} {ergonomic}
     uint G1ConcRefinementThreads                  = 10                                        {product} {ergonomic}
   size_t G1HeapRegionSize                         = 1048576                                   {product} {ergonomic}
    uintx GCDrainStackTargetSize                   = 64                                        {product} {ergonomic}
   size_t InitialHeapSize                          = 123731968                                 {product} {ergonomic}
   size_t MarkStackSize                            = 4194304                                   {product} {ergonomic}
   size_t MaxHeapSize                              = 2147483648                                {product} {command line}
   size_t MaxNewSize                               = 1287651328                                {product} {ergonomic}
   size_t MinHeapDeltaBytes                        = 1048576                                   {product} {ergonomic}
   size_t MinHeapSize                              = 8388608                                   {product} {ergonomic}
    uintx NonNMethodCodeHeapSize                   = 5839372                                {pd product} {ergonomic}
    uintx NonProfiledCodeHeapSize                  = 122909434                              {pd product} {ergonomic}
    uintx ProfiledCodeHeapSize                     = 122909434                              {pd product} {ergonomic}
    uintx ReservedCodeCacheSize                    = 251658240                              {pd product} {ergonomic}
     bool SegmentedCodeCache                       = true                                      {product} {ergonomic}
   size_t SoftMaxHeapSize                          = 2147483648                             {manageable} {ergonomic}
     bool UseCompressedOops                        = true                           {product lp64_product} {ergonomic}
     bool UseG1GC                                  = true                                      {product} {ergonomic}
     bool UseLargePagesIndividualAllocation        = false                                  {pd product} {ergonomic}

Logging:
Log output configuration:
 #0: stdout all=warning uptime,level,tags foldmultilines=false
 #1: stderr all=off uptime,level,tags foldmultilines=false

Release file:
JAVA_VERSION="21.0.9" 
MODULES="java.base java.compiler java.datatransfer java.xml java.prefs java.desktop java.instrument java.logging java.management java.security.sasl java.naming java.rmi java.management.rmi java.net.http java.scripting java.security.jgss java.transaction.xa java.sql java.sql.rowset java.xml.crypto java.se java.smartcardio jdk.accessibility jdk.internal.jvmstat jdk.attach jdk.charsets jdk.internal.opt jdk.zipfs jdk.compiler jdk.crypto.ec jdk.crypto.cryptoki jdk.dynalink jdk.hotspot.agent jdk.httpserver jdk.internal.ed jdk.internal.le jdk.internal.vm.ci jdk.jartool jdk.javadoc jdk.jcmd jdk.jdeps jdk.jdwp.agent jdk.jdi jdk.jfr jdk.jlink jdk.jsobject jdk.localedata jdk.management jdk.management.agent jdk.management.jfr jdk.naming.dns jdk.naming.rmi jdk.net jdk.sctp jdk.security.auth jdk.security.jgss jdk.unsupported jdk.unsupported.desktop jdk.xml.dom" 
IMPLEMENTOR="JetBrains s.r.o." 
JAVA_RUNTIME_VERSION="21.0.9+-14787801-b1163.94" 
LIBC="default" 
OS_ARCH="x86_64" 
OS_NAME="Windows" 
SOURCE=".:git:0c757ddc9f2f" 

Environment Variables:
PATH=C:\Program Files (x86)\Common Files\Oracle\Java\java8path;C:\Program Files (x86)\Common Files\Oracle\Java\javapath;C:\Windows\system32;C:\Windows;C:\Windows\System32\Wbem;C:\Windows\System32\WindowsPowerShell\v1.0\;C:\Windows\System32\OpenSSH\;C:\Program Files (x86)\NVIDIA Corporation\PhysX\Common;C:\Program Files\NVIDIA Corporation\NVIDIA NvDLISR;C:\MinGW\bin;C:\WINDOWS\system32;C:\WINDOWS;C:\WINDOWS\System32\Wbem;C:\WINDOWS\System32\WindowsPowerShell\v1.0\;C:\WINDOWS\System32\OpenSSH\;C:\Program Files (x86)\Microsoft SQL Server\160\Tools\Binn\;C:\Program Files\Microsoft SQL Server\160\Tools\Binn\;C:\Program Files\Microsoft SQL Server\Client SDK\ODBC\170\Tools\Binn\;C:\Program Files\Microsoft SQL Server\160\DTS\Binn\;C:\Program Files (x86)\Microsoft SQL Server\160\DTS\Binn\;C:\Program Files\Azure Data Studio\bin;C:\Program Files\dotnet\;C:\Program Files\Microsoft SQL Server\150\Tools\Binn\;C:\Program Files (x86)\Git\cmd;C:\Users\PC\AppData\Local\Programs\Python\Python311\Scripts\;C:\Users\PC\AppData\Local\Programs\Python\Python311\;C:\Users\PC\AppData\Local\Microsoft\WindowsApps;C:\Users\PC\AppData\Local\Programs\Microsoft VS Code\bin;;C:\Program Files\Azure Data Studio\bin;C:\Users\PC\.dotnet\tools
USERNAME=PC
OS=Windows_NT
PROCESSOR_IDENTIFIER=AMD64 Family 23 Model 104 Stepping 1, AuthenticAMD
TMP=C:\Users\PC\AppData\Local\Temp
TEMP=C:\Users\PC\AppData\Local\Temp




Periodic native trim disabled

JNI global refs:
JNI global refs: 29, weak refs: 37

JNI global refs memory usage: 835, weak refs: 833

Process memory usage:
Resident Set Size: 615112K (7% of 7694920K total physical memory with 232224K free physical memory)

OOME stack traces (most recent first):
Classloader memory used:
Loader org.gradle.internal.classloader.VisitableURLClassLoader$InstrumentingVisitableURLClassLoader: 71936K
Loader org.gradle.internal.classloader.VisitableURLClassLoader                         : 48985K
Loader bootstrap                                                                       : 30732K
Loader org.gradle.initialization.MixInLegacyTypesClassLoader                           : 14686K
Loader jdk.internal.loader.ClassLoaders$AppClassLoader                                 : 9564K
Loader jdk.internal.loader.ClassLoaders$PlatformClassLoader                            : 711K
Loader jdk.internal.reflect.DelegatingClassLoader                                      : 548K
Loader org.gradle.internal.classloader.VisitableURLClassLoader                         : 210K
Loader org.gradle.groovy.scripts.internal.DefaultScriptCompilationHandler$ScriptClassLoader: 130K
Loader sun.reflect.misc.MethodUtil                                                     : 2984B

Classes loaded by more than one classloader:
Class Program                                                                         : loaded 5 times (x 72B)
Class Build_gradle                                                                    : loaded 3 times (x 126B)
Class com.google.common.collect.RegularImmutableMap$KeySet                            : loaded 2 times (x 152B)
Class org.gradle.internal.classloader.FilteringClassLoader                            : loaded 2 times (x 105B)
Class com.google.common.cache.LocalCache$ValueIterator                                : loaded 2 times (x 86B)
Class [Lcom.google.common.collect.MapMakerInternalMap$Segment;                        : loaded 2 times (x 69B)
Class com.google.common.io.FileWriteMode                                              : loaded 2 times (x 79B)
Class [Lcom.google.common.base.AbstractIterator$State;                                : loaded 2 times (x 69B)
Class com.google.common.base.CharMatcher$IsEither                                     : loaded 2 times (x 111B)
Class org.gradle.internal.classloader.ClassLoaderHierarchy                            : loaded 2 times (x 70B)
Class [Lcom.google.common.cache.RemovalCause;                                         : loaded 2 times (x 69B)
Class com.google.common.collect.AbstractMapBasedMultimap$WrappedCollection            : loaded 2 times (x 124B)
Class com.google.common.collect.ImmutableEnumSet                                      : loaded 2 times (x 146B)
Class com.google.common.util.concurrent.ExecutionError                                : loaded 2 times (x 82B)
Class com.google.common.collect.ImmutableList$1                                       : loaded 2 times (x 97B)
Class org.gradle.api.internal.classpath.ManifestUtil                                  : loaded 2 times (x 71B)
Class com.google.common.collect.RegularImmutableMap                                   : loaded 2 times (x 121B)
Class com.google.common.collect.ImmutableMap$MapViewOfValuesAsSingletonSets           : loaded 2 times (x 126B)
Class com.google.common.cache.LocalCache$Values                                       : loaded 2 times (x 118B)
Class com.google.common.collect.TransformedListIterator                               : loaded 2 times (x 93B)
Class com.google.common.reflect.TypeCapture                                           : loaded 2 times (x 71B)
Class [Lorg.objectweb.asm.Symbol;                                                     : loaded 2 times (x 69B)
Class org.objectweb.asm.ClassVisitor                                                  : loaded 2 times (x 88B)
Class com.google.common.collect.UnmodifiableListIterator                              : loaded 2 times (x 95B)
Class com.google.common.collect.MapMakerInternalMap$StrongKeyDummyValueEntry$LinkedStrongKeyDummyValueEntry: loaded 2 times (x 82B)
Class com.google.common.collect.MapMakerInternalMap$Strength                          : loaded 2 times (x 80B)
Class com.google.common.base.Platform$JdkPatternCompiler                              : loaded 2 times (x 75B)
Class org.objectweb.asm.MethodTooLargeException                                       : loaded 2 times (x 83B)
Class [Lcom.google.common.cache.CacheBuilder$OneWeigher;                              : loaded 2 times (x 69B)
Class com.google.common.base.Suppliers                                                : loaded 2 times (x 71B)
Class org.gradle.internal.classloader.DefaultClassLoaderFactory                       : loaded 2 times (x 82B)
Class [Lcom.google.common.collect.AbstractIterator$State;                             : loaded 2 times (x 69B)
Class com.google.common.base.CharMatcher$None                                         : loaded 2 times (x 112B)
Class org.gradle.internal.classloader.ClassLoaderVisitor                              : loaded 2 times (x 76B)
Class [Lcom.google.common.collect.ImmutableMapEntry;                                  : loaded 2 times (x 69B)
Class org.gradle.api.internal.classpath.EffectiveClassPath                            : loaded 2 times (x 90B)
Class com.google.common.collect.ListMultimap                                          : loaded 2 times (x 70B)
Class com.google.common.collect.ImmutableEnumMap                                      : loaded 2 times (x 126B)
Class com.google.common.collect.Iterators$EmptyModifiableIterator                     : loaded 2 times (x 86B)
Class com.google.common.base.Splitter                                                 : loaded 2 times (x 72B)
Class com.google.common.collect.Sets$1                                                : loaded 2 times (x 139B)
Class org.objectweb.asm.AnnotationVisitor                                             : loaded 2 times (x 78B)
Class ijJvmDebugger1_574hue39iibyef1jkgoksxxat$_run_closure1$_closure2                : loaded 2 times (x 140B)
Class org.gradle.api.internal.DefaultClassPathProvider                                : loaded 2 times (x 76B)
Class [Lcom.google.common.base.Function;                                              : loaded 2 times (x 69B)
Class com.google.common.collect.MapMakerInternalMap$Strength$1                        : loaded 2 times (x 80B)
Class com.google.common.collect.Maps$ViewCachingAbstractMap                           : loaded 2 times (x 125B)
Class com.google.common.collect.Sets$2                                                : loaded 2 times (x 139B)
Class ijKotlinCoroutineJvmDebugInit1_7hgm1gc4c3sgaanxczd9x8itr$_run_closure1          : loaded 2 times (x 139B)
Class [Lorg.gradle.api.internal.ClassPathProvider;                                    : loaded 2 times (x 69B)
Class org.gradle.api.internal.ClassPathProvider                                       : loaded 2 times (x 70B)
Class com.google.common.collect.MapMakerInternalMap$Strength$2                        : loaded 2 times (x 80B)
Class com.google.common.base.AbstractIterator$State                                   : loaded 2 times (x 79B)
Class com.google.common.reflect.Types$ClassOwnership$1                                : loaded 2 times (x 80B)
Class [Lorg.objectweb.asm.AnnotationVisitor;                                          : loaded 2 times (x 69B)
Class com.google.common.collect.Sets$3                                                : loaded 2 times (x 139B)
Class com.google.common.cache.LocalCache$LocalLoadingCache                            : loaded 2 times (x 134B)
Class org.gradle.internal.service.UnknownServiceException                             : loaded 2 times (x 83B)
Class com.google.common.collect.MapMakerInternalMap$StrongValueEntry                  : loaded 2 times (x 70B)
Class com.google.common.reflect.Types$ClassOwnership$2                                : loaded 2 times (x 80B)
Class com.google.common.reflect.TypeResolver                                          : loaded 2 times (x 72B)
Class com.google.common.collect.Sets$4                                                : loaded 2 times (x 139B)
Class org.objectweb.asm.ModuleVisitor                                                 : loaded 2 times (x 81B)
Class com.google.common.cache.LocalCache$Strength$1                                   : loaded 2 times (x 81B)
Class com.google.common.collect.Collections2$FilteredCollection                       : loaded 2 times (x 119B)
Class com.google.common.reflect.Types$ClassOwnership$3                                : loaded 2 times (x 71B)
Class com.google.common.util.concurrent.SettableFuture                                : loaded 2 times (x 114B)
Class com.google.common.cache.LocalCache$Strength$2                                   : loaded 2 times (x 81B)
Class [Lcom.google.common.collect.Maps$EntryFunction;                                 : loaded 2 times (x 69B)
Class com.google.common.collect.Interners$InternerImpl                                : loaded 2 times (x 75B)
Class com.google.common.collect.Interner                                              : loaded 2 times (x 70B)
Class com.google.common.collect.TransformedIterator                                   : loaded 2 times (x 80B)
Class com.google.common.base.Splitter$1                                               : loaded 2 times (x 77B)
Class com.google.common.cache.LocalCache$Strength$3                                   : loaded 2 times (x 81B)
Class com.google.common.collect.MapDifference                                         : loaded 2 times (x 70B)
Class com.google.common.collect.MapMaker$Dummy                                        : loaded 2 times (x 79B)
Class com.google.common.reflect.Invokable                                             : loaded 2 times (x 103B)
Class org.objectweb.asm.FieldWriter                                                   : loaded 2 times (x 78B)
Class com.google.common.cache.CacheBuilder$NullListener                               : loaded 2 times (x 82B)
Class org.gradle.internal.classpath.TransformedClassPath                              : loaded 2 times (x 96B)
Class org.gradle.internal.classloader.InstrumentingClassLoader                        : loaded 2 times (x 70B)
Class com.google.common.collect.Maps$IteratorBasedAbstractMap$1                       : loaded 2 times (x 138B)
Class com.google.common.base.Equivalence$Identity                                     : loaded 2 times (x 82B)
Class com.google.common.cache.CacheLoader$FunctionToCacheLoader                       : loaded 2 times (x 75B)
Class com.google.common.collect.Iterators$ArrayItr                                    : loaded 2 times (x 97B)
Class com.google.common.collect.ImmutableCollection$Builder                           : loaded 2 times (x 76B)
Class com.google.common.collect.BaseImmutableMultimap                                 : loaded 2 times (x 123B)
Class com.google.common.reflect.TypeResolver$TypeVariableKey                          : loaded 2 times (x 72B)
Class com.google.common.base.Joiner                                                   : loaded 2 times (x 79B)
Class com.google.common.base.MoreObjects                                              : loaded 2 times (x 71B)
Class com.google.common.collect.Platform                                              : loaded 2 times (x 71B)
Class [Lorg.objectweb.asm.Type;                                                       : loaded 2 times (x 69B)
Class com.google.common.collect.UnmodifiableIterator                                  : loaded 2 times (x 80B)
Class org.gradle.internal.service.ServiceLocator                                      : loaded 2 times (x 70B)
Class com.google.common.collect.HashBiMap$BiEntry                                     : loaded 2 times (x 83B)
Class com.google.common.base.Ascii                                                    : loaded 2 times (x 71B)
Class com.google.common.collect.SingletonImmutableBiMap                               : loaded 2 times (x 143B)
Class com.google.common.cache.LocalCache$1                                            : loaded 2 times (x 89B)
Class com.google.common.collect.Iterators$SingletonIterator                           : loaded 2 times (x 81B)
Class com.google.common.collect.AbstractMapEntry                                      : loaded 2 times (x 81B)
Class com.google.common.collect.MapMakerInternalMap$AbstractStrongKeyEntry            : loaded 2 times (x 80B)
Class com.google.common.reflect.TypeToken$SimpleTypeToken                             : loaded 2 times (x 73B)
Class com.google.common.collect.Sets$ImprovedAbstractSet                              : loaded 2 times (x 135B)
Class com.google.common.collect.ImmutableList$Builder                                 : loaded 2 times (x 77B)
Class com.google.common.collect.AbstractMultimap                                      : loaded 2 times (x 123B)
Class com.google.common.cache.LocalCache$2                                            : loaded 2 times (x 142B)
Class com.google.common.collect.RegularImmutableAsList                                : loaded 2 times (x 217B)
Class com.google.common.base.Optional                                                 : loaded 2 times (x 80B)
Class com.google.common.util.concurrent.AbstractFuture$Trusted                        : loaded 2 times (x 70B)
Class com.google.common.collect.Iterators                                             : loaded 2 times (x 71B)
Class com.google.common.io.ByteSink$AsCharSink                                        : loaded 2 times (x 80B)
Class com.google.common.collect.Lists$StringAsImmutableList                           : loaded 2 times (x 207B)
Class com.google.common.util.concurrent.UncheckedExecutionException                   : loaded 2 times (x 82B)
Class org.gradle.kotlin.dsl.VersionCatalogAccessorsKt                                 : loaded 2 times (x 71B)
Class com.google.common.collect.AbstractMapBasedMultimap$KeySet$1                     : loaded 2 times (x 82B)
Class org.objectweb.asm.ClassWriter                                                   : loaded 2 times (x 106B)
Class com.google.common.base.CharMatcher$And                                          : loaded 2 times (x 112B)
Class com.google.common.cache.CacheLoader$UnsupportedLoadingOperationException        : loaded 2 times (x 82B)
Class org.gradle.internal.classloader.ClasspathUtil$1                                 : loaded 2 times (x 76B)
Class com.google.common.collect.FluentIterable$1                                      : loaded 2 times (x 81B)
Class com.google.common.base.Objects                                                  : loaded 2 times (x 71B)
Class org.objectweb.asm.FieldVisitor                                                  : loaded 2 times (x 77B)
Class com.google.common.collect.IndexedImmutableSet                                   : loaded 2 times (x 152B)
Class com.google.common.collect.ImmutableMap$1                                        : loaded 2 times (x 81B)
Class com.google.common.collect.BiMap                                                 : loaded 2 times (x 70B)
Class org.gradle.api.internal.classpath.DefaultModuleRegistry$DefaultModule           : loaded 2 times (x 86B)
Class com.google.common.base.Absent                                                   : loaded 2 times (x 80B)
Class com.google.common.collect.FluentIterable$2                                      : loaded 2 times (x 81B)
Class com.google.common.reflect.Reflection                                            : loaded 2 times (x 71B)
Class com.google.common.primitives.Ints                                               : loaded 2 times (x 71B)
Class com.google.common.collect.AbstractIterator                                      : loaded 2 times (x 82B)
Class com.google.common.collect.FluentIterable$3                                      : loaded 2 times (x 81B)
Class com.google.common.collect.ObjectArrays                                          : loaded 2 times (x 71B)
Class com.google.common.math.MathPreconditions                                        : loaded 2 times (x 71B)
Class com.google.common.collect.Multiset                                              : loaded 2 times (x 70B)
Class com.google.common.collect.ArrayListMultimapGwtSerializationDependencies         : loaded 2 times (x 172B)
Class com.google.common.collect.AbstractIndexedListIterator                           : loaded 2 times (x 96B)
Class com.google.common.collect.ImmutableMapEntrySet                                  : loaded 2 times (x 152B)
Class org.gradle.api.internal.classpath.Module                                        : loaded 2 times (x 70B)
Class com.google.common.cache.Weigher                                                 : loaded 2 times (x 70B)
Class org.gradle.api.internal.classpath.UnknownModuleException                        : loaded 2 times (x 82B)
Class com.google.common.base.Stopwatch                                                : loaded 2 times (x 72B)
Class com.google.common.cache.LocalCache$Strength                                     : loaded 2 times (x 81B)
Class com.google.common.cache.Cache                                                   : loaded 2 times (x 70B)
Class ijJvmDebugger1_574hue39iibyef1jkgoksxxat$_run_closure1                          : loaded 2 times (x 139B)
Class com.google.common.base.NullnessCasts                                            : loaded 2 times (x 71B)
Class com.google.common.util.concurrent.AbstractFuture$Cancellation                   : loaded 2 times (x 72B)
Class com.google.common.collect.ImmutableMap$Builder                                  : loaded 2 times (x 82B)
Class com.google.common.collect.Maps$EntryFunction$1                                  : loaded 2 times (x 91B)
Class com.google.common.base.Present                                                  : loaded 2 times (x 81B)
Class com.google.common.collect.AbstractMapBasedMultimap$WrappedCollection$WrappedIterator: loaded 2 times (x 84B)
Class com.google.common.cache.RemovalListener                                         : loaded 2 times (x 70B)
Class org.gradle.api.internal.DefaultClassPathRegistry                                : loaded 2 times (x 76B)
Class com.google.common.collect.Maps$EntryFunction$2                                  : loaded 2 times (x 91B)
Class com.google.common.reflect.Invokable$ConstructorInvokable                        : loaded 2 times (x 107B)
Class com.google.common.primitives.IntsMethodsForWeb                                  : loaded 2 times (x 71B)
Class com.google.common.collect.Multimap                                              : loaded 2 times (x 70B)
Class org.gradle.api.internal.ClassPathRegistry                                       : loaded 2 times (x 70B)
Class org.gradle.internal.classpath.DefaultClassPath$ImmutableUniqueList              : loaded 2 times (x 199B)
Class com.google.common.collect.NullnessCasts                                         : loaded 2 times (x 71B)
Class com.google.common.collect.MapMakerInternalMap$Segment                           : loaded 2 times (x 142B)
Class com.google.common.reflect.TypeToken                                             : loaded 2 times (x 73B)
Class com.google.common.base.ExtraObjectsMethodsForWeb                                : loaded 2 times (x 71B)
Class com.google.common.reflect.Types$ParameterizedTypeImpl                           : loaded 2 times (x 81B)
Class com.google.common.cache.RemovalCause                                            : loaded 2 times (x 80B)
Class com.google.common.io.ByteSink                                                   : loaded 2 times (x 76B)
Class com.google.common.cache.CacheBuilder                                            : loaded 2 times (x 72B)
Class com.google.common.collect.SingletonImmutableList                                : loaded 2 times (x 207B)
Class Settings_gradle$1                                                               : loaded 2 times (x 74B)
Class org.gradle.internal.classpath.ClassPath                                         : loaded 2 times (x 70B)
Class com.google.common.collect.Interners$InternerBuilder                             : loaded 2 times (x 76B)
Class com.google.common.io.Files$FileByteSource                                       : loaded 2 times (x 85B)
Class [Lcom.google.common.reflect.Types$JavaVersion;                                  : loaded 2 times (x 69B)
Class com.google.common.base.JdkPattern                                               : loaded 2 times (x 75B)
Class com.google.common.collect.ImmutableList$ReverseImmutableList                    : loaded 2 times (x 209B)
Class org.objectweb.asm.SymbolTable$Entry                                             : loaded 2 times (x 74B)
Class org.objectweb.asm.Edge                                                          : loaded 2 times (x 72B)
Class com.google.common.base.Suppliers$SupplierOfInstance                             : loaded 2 times (x 79B)
Class com.google.common.collect.Iterators$1                                           : loaded 2 times (x 81B)
Class com.google.common.reflect.TypeToken$1                                           : loaded 2 times (x 110B)
Class com.google.common.cache.LocalCache$ComputingValueReference                      : loaded 2 times (x 96B)
Class com.google.common.collect.SingletonImmutableSet                                 : loaded 2 times (x 146B)
Class com.google.common.collect.ImmutableMap$IteratorBasedImmutableMap                : loaded 2 times (x 126B)
Class com.google.common.reflect.TypeToken$2                                           : loaded 2 times (x 110B)
Class com.google.common.cache.LocalCache$Segment                                      : loaded 2 times (x 154B)
Class com.google.common.collect.AbstractListMultimap                                  : loaded 2 times (x 172B)
Class [Lorg.objectweb.asm.SymbolTable$Entry;                                          : loaded 2 times (x 69B)
Class com.google.common.cache.CacheLoader                                             : loaded 2 times (x 74B)
Class com.google.common.collect.Iterators$4                                           : loaded 2 times (x 82B)
Class com.google.common.collect.ImmutableBiMap                                        : loaded 2 times (x 143B)
Class org.gradle.api.internal.classpath.ModuleRegistry                                : loaded 2 times (x 70B)
Class org.gradle.internal.installation.GradleInstallation$1                           : loaded 2 times (x 75B)
Class com.google.common.base.Splitter$SplittingIterator                               : loaded 2 times (x 84B)
Class com.google.common.collect.ImmutableSet$JdkBackedSetBuilderImpl                  : loaded 2 times (x 76B)
Class com.google.common.util.concurrent.internal.InternalFutureFailureAccess          : loaded 2 times (x 72B)
Class com.google.common.collect.Iterators$5                                           : loaded 2 times (x 82B)
Class com.google.common.collect.Iterators$6                                           : loaded 2 times (x 81B)
Class com.google.common.collect.HashBiMap$Inverse                                     : loaded 2 times (x 142B)
Class com.google.common.base.CharMatcher$ForPredicate                                 : loaded 2 times (x 112B)
Class com.google.common.cache.LocalCache$LocalManualCache$1                           : loaded 2 times (x 75B)
Class com.google.common.base.CharMatcher$AnyOf                                        : loaded 2 times (x 112B)
Class com.google.common.collect.ImmutableCollection                                   : loaded 2 times (x 125B)
Class org.gradle.api.internal.classpath.DefaultModuleRegistry                         : loaded 2 times (x 86B)
Class com.google.common.collect.Lists                                                 : loaded 2 times (x 71B)
Class com.google.common.util.concurrent.ListenableFuture                              : loaded 2 times (x 70B)
Class com.google.common.cache.ReferenceEntry                                          : loaded 2 times (x 70B)
Class com.google.common.base.Converter                                                : loaded 2 times (x 90B)
Class com.google.common.collect.ImmutableSet$CachingAsList                            : loaded 2 times (x 148B)
Class com.google.common.collect.AbstractMapBasedMultimap                              : loaded 2 times (x 139B)
Class com.google.common.util.concurrent.AbstractFuture                                : loaded 2 times (x 106B)
Class com.google.common.base.FunctionalEquivalence                                    : loaded 2 times (x 83B)
Class com.google.common.collect.Iterators$9                                           : loaded 2 times (x 81B)
Class com.google.common.collect.ImmutableAsList                                       : loaded 2 times (x 209B)
Class com.google.common.reflect.TypeResolver$TypeTable                                : loaded 2 times (x 73B)
Class org.objectweb.asm.RecordComponentVisitor                                        : loaded 2 times (x 77B)
Class com.google.common.cache.CacheLoader$SupplierToCacheLoader                       : loaded 2 times (x 75B)
Class com.google.common.reflect.TypeResolver$TypeTable$1                              : loaded 2 times (x 73B)
Class com.google.common.collect.Maps$EntryTransformer                                 : loaded 2 times (x 70B)
Class org.gradle.internal.service.ServiceLookupException                              : loaded 2 times (x 82B)
Class com.google.common.collect.Lists$ReverseList                                     : loaded 2 times (x 200B)
Class [Lcom.google.common.cache.LocalCache$EntryFactory;                              : loaded 2 times (x 69B)
Class org.gradle.internal.classloader.ClassLoaderFactory                              : loaded 2 times (x 70B)
Class com.google.common.collect.ImmutableMap$SerializedForm                           : loaded 2 times (x 73B)
Class com.google.common.base.CommonPattern                                            : loaded 2 times (x 74B)
Class com.google.common.base.CharMatcher$IsNot                                        : loaded 2 times (x 111B)
Class com.google.common.cache.LocalCache$LocalManualCache                             : loaded 2 times (x 99B)
Class org.gradle.internal.service.CachingServiceLocator                               : loaded 2 times (x 82B)
Class com.google.common.collect.AbstractMapBasedMultimap$KeySet                       : loaded 2 times (x 137B)
Class com.google.common.math.IntMath                                                  : loaded 2 times (x 71B)
Class com.google.common.collect.MapMakerInternalMap$InternalEntry                     : loaded 2 times (x 70B)
Class com.google.common.reflect.Types$TypeVariableInvocationHandler                   : loaded 2 times (x 75B)
Class [Lcom.google.common.collect.HashBiMap$BiEntry;                                  : loaded 2 times (x 69B)
Class com.google.common.collect.ImmutableMapEntry                                     : loaded 2 times (x 85B)
Class com.google.common.base.Predicates                                               : loaded 2 times (x 71B)
Class com.google.common.collect.ImmutableMultimap                                     : loaded 2 times (x 147B)
Class com.google.common.base.Equivalence                                              : loaded 2 times (x 82B)
Class com.google.common.base.Function                                                 : loaded 2 times (x 70B)
Class com.google.common.collect.ImmutableMapEntry$NonTerminalImmutableMapEntry        : loaded 2 times (x 85B)
Class com.google.common.collect.IndexedImmutableSet$1                                 : loaded 2 times (x 213B)
Class com.google.common.cache.CacheBuilder$OneWeigher                                 : loaded 2 times (x 82B)
Class com.google.common.collect.RegularImmutableList                                  : loaded 2 times (x 213B)
Class com.google.common.collect.Maps$EntryFunction                                    : loaded 2 times (x 91B)
Class com.google.common.reflect.Types$ClassOwnership$1LocalClass                      : loaded 2 times (x 71B)
Class org.gradle.internal.classloader.ClasspathUtil                                   : loaded 2 times (x 71B)
Class com.google.common.util.concurrent.Uninterruptibles                              : loaded 2 times (x 71B)
Class com.google.common.util.concurrent.LazyLogger                                    : loaded 2 times (x 72B)
Class com.google.common.collect.Maps                                                  : loaded 2 times (x 71B)
Class org.gradle.api.specs.Spec                                                       : loaded 2 times (x 70B)
Class com.google.common.collect.MapMaker                                              : loaded 2 times (x 72B)
Class com.google.common.reflect.Types$JavaVersion                                     : loaded 2 times (x 83B)
Class [Lcom.google.common.collect.ImmutableEntry;                                     : loaded 2 times (x 69B)
Class com.google.common.collect.Sets$3$1                                              : loaded 2 times (x 82B)
Class com.google.common.cache.LocalCache$LoadingValueReference                        : loaded 2 times (x 96B)
Class com.google.common.collect.MapMakerInternalMap$StrongKeyDummyValueEntry          : loaded 2 times (x 82B)
Class com.google.common.reflect.Invokable$MethodInvokable                             : loaded 2 times (x 107B)
Class com.google.common.base.Platform                                                 : loaded 2 times (x 71B)
Class com.google.common.collect.AbstractMapBasedMultimap$WrappedList                  : loaded 2 times (x 205B)
Class [Lorg.objectweb.asm.AnnotationWriter;                                           : loaded 2 times (x 69B)
Class com.google.common.collect.Maps$8                                                : loaded 2 times (x 82B)
Class com.google.common.base.Predicates$CompositionPredicate                          : loaded 2 times (x 88B)
Class [Lcom.google.common.collect.Iterators$EmptyModifiableIterator;                  : loaded 2 times (x 69B)
Class com.google.common.collect.Lists$ReverseList$1                                   : loaded 2 times (x 99B)
Class com.google.common.collect.Sets$SetView                                          : loaded 2 times (x 138B)
Class com.google.common.cache.LocalCache$StrongValueReference                         : loaded 2 times (x 90B)
Class com.google.common.graph.SuccessorsFunction                                      : loaded 2 times (x 70B)
Class org.objectweb.asm.Type                                                          : loaded 2 times (x 72B)
Class org.gradle.internal.classloader.VisitableURLClassLoader$InstrumentingVisitableURLClassLoader: loaded 2 times (x 123B)
Class com.google.common.collect.MapMakerInternalMap$StrongKeyDummyValueEntry$Helper   : loaded 2 times (x 79B)
Class com.google.common.io.Files$FileByteSink                                         : loaded 2 times (x 77B)
Class com.google.common.math.IntMath$1                                                : loaded 2 times (x 71B)
Class org.objectweb.asm.ByteVector                                                    : loaded 2 times (x 79B)
Class [Lcom.google.common.cache.CacheBuilder$NullListener;                            : loaded 2 times (x 69B)
Class org.gradle.internal.classloader.VisitableURLClassLoader$Spec                    : loaded 2 times (x 74B)
Class org.gradle.internal.classpath.DefaultClassPath                                  : loaded 2 times (x 90B)
Class com.google.common.base.AbstractIterator                                         : loaded 2 times (x 80B)
Class com.google.common.reflect.Types$ClassOwnership                                  : loaded 2 times (x 80B)
Class org.objectweb.asm.Symbol                                                        : loaded 2 times (x 73B)
Class com.google.common.collect.Sets$FilteredSet                                      : loaded 2 times (x 137B)
Class com.google.common.io.Closer                                                     : loaded 2 times (x 78B)
Class com.google.common.base.CharMatcher$BitSetMatcher                                : loaded 2 times (x 112B)
Class com.google.common.collect.ImmutableSet                                          : loaded 2 times (x 145B)
Class com.google.common.collect.RegularImmutableMap$Values                            : loaded 2 times (x 207B)
Class org.gradle.internal.classloader.ClassLoaderSpec                                 : loaded 2 times (x 71B)
Class org.objectweb.asm.AnnotationWriter                                              : loaded 2 times (x 79B)
Class com.google.common.cache.CacheStats                                              : loaded 2 times (x 71B)
Class com.google.common.collect.Interners                                             : loaded 2 times (x 71B)
Class com.google.common.io.Closer$Suppressor                                          : loaded 2 times (x 70B)
Class com.google.common.io.LineProcessor                                              : loaded 2 times (x 70B)
Class org.objectweb.asm.RecordComponentWriter                                         : loaded 2 times (x 78B)
Class com.google.common.util.concurrent.AbstractFuture$Listener                       : loaded 2 times (x 72B)
Class com.google.common.base.CharMatcher$Or                                           : loaded 2 times (x 112B)
Class Settings_gradle$1$1                                                             : loaded 2 times (x 74B)
Class org.objectweb.asm.Attribute                                                     : loaded 2 times (x 77B)
Class com.google.common.base.Supplier                                                 : loaded 2 times (x 70B)
Class org.gradle.internal.classloader.VisitableURLClassLoader                         : loaded 2 times (x 117B)
Class com.google.common.collect.ImmutableList$SerializedForm                          : loaded 2 times (x 73B)
Class Settings_gradle                                                                 : loaded 2 times (x 124B)
Class org.gradle.internal.Cast                                                        : loaded 2 times (x 71B)
Class org.gradle.api.Action                                                           : loaded 2 times (x 70B)
Class com.google.common.collect.MapMakerInternalMap                                   : loaded 2 times (x 161B)
Class com.google.common.collect.HashBiMap                                             : loaded 2 times (x 143B)
Class com.google.common.base.Strings                                                  : loaded 2 times (x 71B)
Class com.google.common.collect.Sets                                                  : loaded 2 times (x 71B)
Class org.objectweb.asm.Handler                                                       : loaded 2 times (x 72B)
Class com.google.common.base.CharMatcher$FastMatcher                                  : loaded 2 times (x 111B)
Class com.google.common.base.Ticker                                                   : loaded 2 times (x 72B)
Class com.google.common.cache.RemovalCause$1                                          : loaded 2 times (x 80B)
Class [Lcom.google.common.cache.LocalCache$Segment;                                   : loaded 2 times (x 69B)
Class com.google.common.base.Predicate                                                : loaded 2 times (x 70B)
Class [Lcom.google.common.cache.LocalCache$Strength;                                  : loaded 2 times (x 69B)
Class com.google.common.cache.CacheBuilder$1                                          : loaded 2 times (x 85B)
Class com.google.common.collect.ImmutableMap                                          : loaded 2 times (x 120B)
Class ijKotlinCoroutineJvmDebugInit1_7hgm1gc4c3sgaanxczd9x8itr                        : loaded 2 times (x 171B)
Class org.gradle.internal.classpath.DefaultClassPath$ImmutableUniqueList$Builder      : loaded 2 times (x 75B)
Class com.google.common.cache.RemovalCause$2                                          : loaded 2 times (x 80B)
Class com.google.common.collect.MapMakerInternalMap$WeakValueReference                : loaded 2 times (x 70B)
Class com.google.common.base.CharMatcher$NegatedFastMatcher                           : loaded 2 times (x 113B)
Class com.google.common.cache.LocalCache                                              : loaded 2 times (x 187B)
Class com.google.common.cache.CacheBuilder$2                                          : loaded 2 times (x 79B)
Class com.google.common.cache.RemovalCause$3                                          : loaded 2 times (x 80B)
Class com.google.common.collect.ArrayListMultimap                                     : loaded 2 times (x 172B)
Class com.google.common.cache.CacheBuilder$3                                          : loaded 2 times (x 72B)
Class [Lcom.google.common.collect.AbstractMapEntry;                                   : loaded 2 times (x 69B)
Class com.google.common.collect.ImmutableEntry                                        : loaded 2 times (x 82B)
Class org.gradle.api.GradleException                                                  : loaded 2 times (x 82B)
Class com.google.common.base.Suppliers$MemoizingSupplier                              : loaded 2 times (x 79B)
Class com.google.common.cache.RemovalCause$4                                          : loaded 2 times (x 80B)
Class com.google.common.collect.CollectPreconditions                                  : loaded 2 times (x 71B)
Class com.google.common.cache.RemovalCause$5                                          : loaded 2 times (x 80B)
Class com.google.common.collect.Maps$AbstractFilteredMap                              : loaded 2 times (x 127B)
Class [Lcom.google.common.collect.MapMakerInternalMap$Strength;                       : loaded 2 times (x 69B)
Class [Lcom.google.common.io.FileWriteMode;                                           : loaded 2 times (x 69B)
Class com.google.common.collect.SortedMapDifference                                   : loaded 2 times (x 70B)
Class com.google.common.collect.Iterables$4                                           : loaded 2 times (x 81B)
Class com.google.common.collect.MapMakerInternalMap$StrongKeyDummyValueSegment        : loaded 2 times (x 142B)
Class com.google.common.io.Files                                                      : loaded 2 times (x 71B)
Class com.google.common.cache.LocalCache$WriteThroughEntry                            : loaded 2 times (x 79B)
Class com.google.common.cache.LocalCache$HashIterator                                 : loaded 2 times (x 86B)
Class com.google.common.cache.LocalCache$EntryFactory                                 : loaded 2 times (x 83B)
Class ijJvmDebugger1_574hue39iibyef1jkgoksxxat                                        : loaded 2 times (x 171B)
Class com.google.common.collect.Iterables$5                                           : loaded 2 times (x 81B)
Class [Lcom.google.common.collect.MapMaker$Dummy;                                     : loaded 2 times (x 69B)
Class com.google.common.base.CharMatcher$Whitespace                                   : loaded 2 times (x 112B)
Class com.google.common.reflect.Types$NativeTypeVariableEquals                        : loaded 2 times (x 71B)
Class com.google.common.reflect.TypeParameter                                         : loaded 2 times (x 72B)
Class com.google.common.cache.LocalCache$AbstractReferenceEntry                       : loaded 2 times (x 107B)
Class org.gradle.internal.IoActions                                                   : loaded 2 times (x 71B)
Class com.google.common.collect.ImmutableMapKeySet                                    : loaded 2 times (x 152B)
Class org.objectweb.asm.SymbolTable                                                   : loaded 2 times (x 72B)
Class com.google.common.cache.CacheLoader$InvalidCacheLoadException                   : loaded 2 times (x 82B)
Class com.google.common.collect.ImmutableSet$RegularSetBuilderImpl                    : loaded 2 times (x 77B)
Class org.gradle.internal.classloader.SystemClassLoaderSpec                           : loaded 2 times (x 71B)
Class com.google.common.collect.FluentIterable                                        : loaded 2 times (x 81B)
Class com.google.common.cache.LocalCache$StrongEntry                                  : loaded 2 times (x 108B)
Class com.google.common.util.concurrent.AbstractFuture$TrustedFuture                  : loaded 2 times (x 114B)
Class com.google.common.cache.LoadingCache                                            : loaded 2 times (x 70B)
Class com.google.common.base.Suppliers$NonSerializableMemoizingSupplier               : loaded 2 times (x 79B)
Class org.objectweb.asm.MethodWriter                                                  : loaded 2 times (x 106B)
Class [Lcom.google.common.cache.Weigher;                                              : loaded 2 times (x 69B)
Class com.google.common.collect.RegularImmutableMap$BucketOverflowException           : loaded 2 times (x 82B)
Class com.google.common.collect.AbstractMapBasedMultimap$RandomAccessWrappedList      : loaded 2 times (x 205B)
Class com.google.common.collect.AbstractIterator$State                                : loaded 2 times (x 79B)
Class com.google.common.reflect.Types$JavaVersion$1                                   : loaded 2 times (x 83B)
Class com.google.common.collect.RegularImmutableBiMap                                 : loaded 2 times (x 149B)
Class com.google.common.base.CharMatcher$Negated                                      : loaded 2 times (x 113B)
Class com.google.common.base.CharMatcher$Is                                           : loaded 2 times (x 111B)
Class com.google.common.cache.LocalCache$ValueReference                               : loaded 2 times (x 70B)
Class com.google.common.reflect.Types$JavaVersion$2                                   : loaded 2 times (x 83B)
Class com.google.common.reflect.Types                                                 : loaded 2 times (x 71B)
Class com.google.common.hash.PrimitiveSink                                            : loaded 2 times (x 70B)
Class com.google.common.base.PatternCompiler                                          : loaded 2 times (x 70B)
Class com.google.common.util.concurrent.AbstractFuture$Failure                        : loaded 2 times (x 72B)
Class com.google.common.base.Equivalence$Equals                                       : loaded 2 times (x 82B)
Class com.google.common.collect.Hashing                                               : loaded 2 times (x 71B)
Class com.google.common.base.Preconditions                                            : loaded 2 times (x 71B)
Class com.google.common.collect.ImmutableSetMultimap                                  : loaded 2 times (x 180B)
Class com.google.common.io.CharSink                                                   : loaded 2 times (x 79B)
Class com.google.common.reflect.Types$JavaVersion$3                                   : loaded 2 times (x 83B)
Class com.google.common.base.Joiner$1                                                 : loaded 2 times (x 80B)
Class org.objectweb.asm.Label                                                         : loaded 2 times (x 73B)
Class org.objectweb.asm.CurrentFrame                                                  : loaded 2 times (x 73B)
Class org.objectweb.asm.ClassTooLargeException                                        : loaded 2 times (x 83B)
Class com.google.common.base.CharMatcher                                              : loaded 2 times (x 111B)
Class com.google.common.collect.PeekingIterator                                       : loaded 2 times (x 70B)
Class com.google.common.collect.MapMakerInternalMap$InternalEntryHelper               : loaded 2 times (x 70B)
Class com.google.common.collect.Table                                                 : loaded 2 times (x 70B)
Class com.google.common.reflect.Types$JavaVersion$4                                   : loaded 2 times (x 83B)
Class com.google.common.collect.Maps$IteratorBasedAbstractMap                         : loaded 2 times (x 125B)
Class com.google.common.base.Joiner$2                                                 : loaded 2 times (x 79B)
Class org.objectweb.asm.Frame                                                         : loaded 2 times (x 73B)
Class org.objectweb.asm.MethodVisitor                                                 : loaded 2 times (x 105B)
Class com.google.common.base.CharMatcher$1                                            : loaded 2 times (x 113B)
Class com.google.common.base.CharMatcher$NamedFastMatcher                             : loaded 2 times (x 112B)
Class com.google.common.cache.LocalCache$EntryFactory$1                               : loaded 2 times (x 83B)
Class [Lcom.google.common.cache.RemovalListener;                                      : loaded 2 times (x 69B)
Class com.google.common.reflect.Types$JavaVersion$5                                   : loaded 2 times (x 71B)
Class [Lcom.google.common.reflect.Types$ClassOwnership;                               : loaded 2 times (x 69B)
Class com.google.common.cache.LocalCache$EntryFactory$2                               : loaded 2 times (x 83B)
Class org.gradle.api.internal.classpath.GlobalCacheRootsProvider                      : loaded 2 times (x 70B)
Class org.objectweb.asm.ModuleWriter                                                  : loaded 2 times (x 82B)
Class com.google.common.cache.LocalCache$EntryFactory$3                               : loaded 2 times (x 83B)
Class com.google.common.base.Ticker$1                                                 : loaded 2 times (x 72B)
Class com.google.common.collect.Maps$BiMapConverter                                   : loaded 2 times (x 90B)
Class com.google.common.collect.ImmutableMapEntrySet$RegularEntrySet                  : loaded 2 times (x 152B)
Class com.google.common.collect.SetMultimap                                           : loaded 2 times (x 70B)
Class com.google.common.collect.ImmutableSet$Builder                                  : loaded 2 times (x 85B)
Class com.google.common.base.CharMatcher$InRange                                      : loaded 2 times (x 111B)
Class com.google.common.cache.LocalCache$EntryFactory$4                               : loaded 2 times (x 83B)
Class com.google.common.cache.LocalCache$EntryFactory$5                               : loaded 2 times (x 83B)
Class com.google.common.base.PairwiseEquivalence                                      : loaded 2 times (x 83B)
Class com.google.common.cache.LocalCache$EntryFactory$6                               : loaded 2 times (x 83B)
Class org.gradle.internal.installation.CurrentGradleInstallationLocator               : loaded 2 times (x 71B)
Class com.google.common.collect.Maps$KeySet                                           : loaded 2 times (x 137B)
Class com.google.common.collect.ImmutableSet$EmptySetBuilderImpl                      : loaded 2 times (x 76B)
Class com.google.common.cache.LocalCache$EntryFactory$7                               : loaded 2 times (x 83B)
Class com.google.common.collect.ImmutableList                                         : loaded 2 times (x 206B)
Class org.gradle.internal.service.DefaultServiceLocator                               : loaded 2 times (x 83B)
Class com.google.common.cache.LocalCache$SoftValueReference                           : loaded 2 times (x 97B)
Class com.google.common.collect.Maps$EntrySet                                         : loaded 2 times (x 136B)
Class com.google.common.cache.LocalCache$EntryFactory$8                               : loaded 2 times (x 83B)
Class com.google.common.collect.ImmutableSet$SetBuilderImpl                           : loaded 2 times (x 76B)
Class org.gradle.internal.installation.CurrentGradleInstallation                      : loaded 2 times (x 73B)
Class com.google.common.cache.CacheLoader$1                                           : loaded 2 times (x 75B)
Class com.google.common.collect.ForwardingObject                                      : loaded 2 times (x 72B)
Class com.google.common.collect.ImmutableList$SubList                                 : loaded 2 times (x 209B)
Class org.gradle.util.internal.GUtil                                                  : loaded 2 times (x 71B)
Class com.google.common.io.ByteSource                                                 : loaded 2 times (x 84B)
Class com.google.common.cache.AbstractCache$StatsCounter                              : loaded 2 times (x 70B)
Class ijKotlinCoroutineJvmDebugInit1_7hgm1gc4c3sgaanxczd9x8itr$_run_closure1$_closure2: loaded 2 times (x 139B)
Class com.google.common.collect.MapMakerInternalMap$1                                 : loaded 2 times (x 83B)
Class com.google.common.reflect.Types$TypeVariableImpl                                : loaded 2 times (x 72B)
Class com.google.common.collect.Iterators$MergingIterator                             : loaded 2 times (x 81B)
Class com.google.common.collect.RegularImmutableSet                                   : loaded 2 times (x 149B)
Class org.gradle.internal.installation.GradleInstallation                             : loaded 2 times (x 75B)
Class com.google.common.base.Splitter$Strategy                                        : loaded 2 times (x 70B)
Class com.google.common.collect.Iterables                                             : loaded 2 times (x 71B)
Class com.google.common.collect.Lists$RandomAccessReverseList                         : loaded 2 times (x 200B)

---------------  S Y S T E M  ---------------

OS:
 Windows 11 , 64 bit Build 26100 (10.0.26100.8521)
OS uptime: 0 days 1:47 hours

CPU: total 12 (initial active 12) (12 cores per cpu, 2 threads per core) family 23 model 104 stepping 1 microcode 0x8608103, cx8, cmov, fxsr, ht, mmx, 3dnowpref, sse, sse2, sse3, ssse3, sse4a, sse4.1, sse4.2, popcnt, lzcnt, tsc, tscinvbit, avx, avx2, aes, clmul, bmi1, bmi2, adx, sha, fma, vzeroupper, clflush, clflushopt, rdtscp, rdpid, f16c
Processor Information for processor 0
  Max Mhz: 2100, Current Mhz: 2100, Mhz Limit: 2100
Processor Information for processor 1
  Max Mhz: 2100, Current Mhz: 2100, Mhz Limit: 2100
Processor Information for processor 2
  Max Mhz: 2100, Current Mhz: 2100, Mhz Limit: 2100
Processor Information for processor 3
  Max Mhz: 2100, Current Mhz: 2100, Mhz Limit: 2100
Processor Information for processor 4
  Max Mhz: 2100, Current Mhz: 2100, Mhz Limit: 2100
Processor Information for processor 5
  Max Mhz: 2100, Current Mhz: 2100, Mhz Limit: 2100
Processor Information for processor 6
  Max Mhz: 2100, Current Mhz: 2100, Mhz Limit: 2100
Processor Information for processor 7
  Max Mhz: 2100, Current Mhz: 2100, Mhz Limit: 2100
Processor Information for processor 8
  Max Mhz: 2100, Current Mhz: 1988, Mhz Limit: 2100
Processor Information for processor 9
  Max Mhz: 2100, Current Mhz: 1988, Mhz Limit: 2100
Processor Information for processor 10
  Max Mhz: 2100, Current Mhz: 2100, Mhz Limit: 2100
Processor Information for processor 11
  Max Mhz: 2100, Current Mhz: 2100, Mhz Limit: 2100

Memory: 4k page, system-wide physical 7514M (389M free)
TotalPageFile size 15839M (AvailPageFile size 180M)
current process WorkingSet (physical memory assigned to process): 614M, peak: 853M
current process commit charge ("private bytes"): 1157M, peak: 1517M

vm_info: OpenJDK 64-Bit Server VM (21.0.9+-14787801-b1163.94) for windows-amd64 JRE (21.0.9+-14787801-b1163.94), built on 2026-01-27T21:15:44Z by "builder" with MS VC++ 16.10 / 16.11 (VS2019)

END.
